<?xml version="1.0" ?>
<font_test_data path="data/fonts/astloch/Astloch-Bold.ttf" post_name="Astloch-Bold" sha1="8770809c618758a51d294937fcb77d71b6fdc8cd">
  <cmap_table num_cmaps="3">
    <cmap byte_length="128" encoding_id="1" format="4" language="0" num_chars="209" platform_id="3">
      <map char="0x00020" gid="3" glyph_name="space"/>
      <map char="0x00034" gid="23" glyph_name="four"/>
      <map char="0x00048" gid="43" glyph_name="H"/>
      <map char="0x0005c" gid="63" glyph_name="backslash"/>
      <map char="0x00070" gid="83" glyph_name="p"/>
      <map char="0x000a5" gid="103" glyph_name="yen"/>
      <map char="0x000b9" gid="123" glyph_name="onesuperior"/>
      <map char="0x000cd" gid="143" glyph_name="Iacute"/>
      <map char="0x000e1" gid="163" glyph_name="aacute"/>
      <map char="0x000f5" gid="183" glyph_name="otilde"/>
      <map char="0x02019" gid="203" glyph_name="quoteright"/>
    </cmap>
    <cmap byte_length="262" encoding_id="0" format="0" language="0" num_chars="256" platform_id="1">
      <map char="0x00000" gid="1" glyph_name=".null"/>
      <map char="0x00019" gid="0" glyph_name=".notdef"/>
      <map char="0x00032" gid="21" glyph_name="two"/>
      <map char="0x0004b" gid="46" glyph_name="K"/>
      <map char="0x00064" gid="71" glyph_name="d"/>
      <map char="0x0007d" gid="96" glyph_name="braceright"/>
      <map char="0x00096" gid="179" glyph_name="ntilde"/>
      <map char="0x000af" gid="154" glyph_name="Oslash"/>
      <map char="0x000c8" gid="125" glyph_name="guillemotright"/>
      <map char="0x000e1" gid="121" glyph_name="periodcentered"/>
      <map char="0x000fa" gid="0" glyph_name=".notdef"/>
    </cmap>
  </cmap_table>
</font_test_data>
