<?xml version="1.0" ?>
<font_test_data path="data/fonts/delius/Delius-Regular.ttf" post_name="Delius-Regular" sha1="ea99d78ba898e65ccd1d920ebe656a609036785b">
  <cmap_table num_cmaps="3">
    <cmap byte_length="288" encoding_id="1" format="4" language="0" num_chars="267" platform_id="3">
      <map char="0x00020" gid="3" glyph_name="space"/>
      <map char="0x0003a" gid="29" glyph_name="colon"/>
      <map char="0x00054" gid="55" glyph_name="T"/>
      <map char="0x0006e" gid="81" glyph_name="n"/>
      <map char="0x000a9" gid="107" glyph_name="copyright"/>
      <map char="0x000c3" gid="133" glyph_name="Atilde"/>
      <map char="0x000dd" gid="159" glyph_name="Yacute"/>
      <map char="0x000f7" gid="185" glyph_name="divide"/>
      <map char="0x00143" gid="211" glyph_name="Nacute"/>
      <map char="0x02020" gid="237" glyph_name="dagger"/>
      <map char="0x0e09a" gid="263" glyph_name="f_j"/>
    </cmap>
    <cmap byte_length="522" encoding_id="0" format="6" language="0" num_chars="256" platform_id="1">
      <map char="0x00000" gid="1" glyph_name=".null"/>
      <map char="0x00019" gid="0" glyph_name=".notdef"/>
      <map char="0x00032" gid="21" glyph_name="two"/>
      <map char="0x0004b" gid="46" glyph_name="K"/>
      <map char="0x00064" gid="71" glyph_name="d"/>
      <map char="0x0007d" gid="96" glyph_name="braceright"/>
      <map char="0x00096" gid="179" glyph_name="ntilde"/>
      <map char="0x000af" gid="154" glyph_name="Oslash"/>
      <map char="0x000c8" gid="125" glyph_name="guillemotright"/>
      <map char="0x000e1" gid="121" glyph_name="periodcentered"/>
      <map char="0x000fa" gid="224" glyph_name="dotaccent"/>
    </cmap>
  </cmap_table>
</font_test_data>
