<?xml version="1.0" ?>
<font_test_data path="data/fonts/cedarvillecursive/Cedarville-Cursive.ttf" post_name="Cedarville-Cursive" sha1="3015b2afe2da84ac73a36b055dc8b79dfa513001">
  <cmap_table num_cmaps="3">
    <cmap byte_length="240" encoding_id="1" format="4" language="0" num_chars="352" platform_id="3">
      <map char="0x00020" gid="3" glyph_name="space"/>
      <map char="0x00043" gid="38" glyph_name="C"/>
      <map char="0x00066" gid="73" glyph_name="f"/>
      <map char="0x000aa" gid="108" glyph_name="ordfeminine"/>
      <map char="0x000cd" gid="143" glyph_name="Iacute"/>
      <map char="0x000f0" gid="178" glyph_name="eth"/>
      <map char="0x00116" gid="213" glyph_name="Edotaccent"/>
      <map char="0x0013d" gid="248" glyph_name="Lcaron"/>
      <map char="0x00163" gid="283" glyph_name="tcommaaccent"/>
      <map char="0x002c6" gid="318" glyph_name="circumflex"/>
      <map char="0x0fb01" gid="353" glyph_name="fi"/>
    </cmap>
    <cmap byte_length="522" encoding_id="0" format="6" language="0" num_chars="256" platform_id="1">
      <map char="0x00000" gid="1" glyph_name=".null"/>
      <map char="0x00019" gid="0" glyph_name=".notdef"/>
      <map char="0x00032" gid="21" glyph_name="two"/>
      <map char="0x0004b" gid="46" glyph_name="K"/>
      <map char="0x00064" gid="71" glyph_name="d"/>
      <map char="0x0007d" gid="96" glyph_name="braceright"/>
      <map char="0x00096" gid="179" glyph_name="ntilde"/>
      <map char="0x000af" gid="154" glyph_name="Oslash"/>
      <map char="0x000c8" gid="125" glyph_name="guillemotright"/>
      <map char="0x000e1" gid="121" glyph_name="periodcentered"/>
      <map char="0x000fa" gid="321" glyph_name="dotaccent"/>
    </cmap>
  </cmap_table>
</font_test_data>
