<?xml version="1.0" ?>
<font_test_data path="data/fonts/bevan/Bevan.ttf" post_name="Bevan" sha1="e6ac8fa6b0b18c3540bda448ab03be0ccf5ffa8f">
  <cmap_table num_cmaps="3">
    <cmap byte_length="400" encoding_id="1" format="4" language="0" num_chars="435" platform_id="3">
      <map char="0x00020" gid="3" glyph_name="space"/>
      <map char="0x0004b" gid="46" glyph_name="K"/>
      <map char="0x00076" gid="89" glyph_name="v"/>
      <map char="0x000c2" gid="132" glyph_name="Acircumflex"/>
      <map char="0x000ed" gid="175" glyph_name="iacute"/>
      <map char="0x00118" gid="218" glyph_name="Eogonek"/>
      <map char="0x00145" gid="261" glyph_name="Ncommaaccent"/>
      <map char="0x00170" gid="304" glyph_name="Uhungarumlaut"/>
      <map char="0x00213" gid="347" glyph_name="uni0213"/>
      <map char="0x02008" gid="390" glyph_name="uni2008"/>
      <map char="0x0fb00" gid="433" glyph_name="uniFB00"/>
    </cmap>
    <cmap byte_length="458" encoding_id="0" format="6" language="0" num_chars="224" platform_id="1">
      <map char="0x00020" gid="3" glyph_name="space"/>
      <map char="0x00036" gid="25" glyph_name="six"/>
      <map char="0x0004c" gid="47" glyph_name="L"/>
      <map char="0x00062" gid="69" glyph_name="b"/>
      <map char="0x00078" gid="91" glyph_name="x"/>
      <map char="0x0008e" gid="171" glyph_name="eacute"/>
      <map char="0x000a4" gid="105" glyph_name="section"/>
      <map char="0x000ba" gid="424" glyph_name="integral"/>
      <map char="0x000d0" gid="396" glyph_name="endash"/>
      <map char="0x000e6" gid="140" glyph_name="Ecircumflex"/>
      <map char="0x000fc" gid="122" glyph_name="cedilla"/>
    </cmap>
  </cmap_table>
</font_test_data>
