<?xml version="1.0" ?>
<font_test_data path="data/fonts/anton/Anton.ttf" post_name="Anton" sha1="cacbe4666a0ccfff85ae3f55fc1cedda17c6b416">
  <cmap_table num_cmaps="3">
    <cmap byte_length="384" encoding_id="1" format="4" language="0" num_chars="413" platform_id="3">
      <map char="0x00020" gid="3" glyph_name="space"/>
      <map char="0x00049" gid="44" glyph_name="I"/>
      <map char="0x00072" gid="85" glyph_name="r"/>
      <map char="0x000bd" gid="126" glyph_name="onehalf"/>
      <map char="0x000e6" gid="167" glyph_name="ae"/>
      <map char="0x0010f" gid="208" glyph_name="dcaron"/>
      <map char="0x0013b" gid="249" glyph_name="Lcommaaccent"/>
      <map char="0x00164" gid="290" glyph_name="Tcaron"/>
      <map char="0x00205" gid="331" glyph_name="uni0205"/>
      <map char="0x01e81" gid="372" glyph_name="wgrave"/>
      <map char="0x0f8ff" gid="413" glyph_name="uniF8FF"/>
    </cmap>
    <cmap byte_length="522" encoding_id="0" format="6" language="0" num_chars="256" platform_id="1">
      <map char="0x00000" gid="1" glyph_name=".null"/>
      <map char="0x00019" gid="0" glyph_name=".notdef"/>
      <map char="0x00032" gid="21" glyph_name="two"/>
      <map char="0x0004b" gid="46" glyph_name="K"/>
      <map char="0x00064" gid="71" glyph_name="d"/>
      <map char="0x0007d" gid="96" glyph_name="braceright"/>
      <map char="0x00096" gid="178" glyph_name="ntilde"/>
      <map char="0x000af" gid="153" glyph_name="Oslash"/>
      <map char="0x000c8" gid="124" glyph_name="guillemotright"/>
      <map char="0x000e1" gid="120" glyph_name="periodcentered"/>
      <map char="0x000fa" gid="358" glyph_name="dotaccent"/>
    </cmap>
  </cmap_table>
</font_test_data>
