<?xml version="1.0" ?>
<font_test_data path="data/fonts/abrilfatface/AbrilFatface-Regular.ttf" post_name="AbrilFatface-Regular" sha1="d562c639fcdfd23d07de814ab09154db692bc8a2">
  <cmap_table num_cmaps="3">
    <cmap byte_length="360" encoding_id="1" format="4" language="0" num_chars="394" platform_id="3">
      <map char="0x00020" gid="3" glyph_name="space"/>
      <map char="0x00047" gid="42" glyph_name="G"/>
      <map char="0x0006e" gid="81" glyph_name="n"/>
      <map char="0x000b6" gid="120" glyph_name="paragraph"/>
      <map char="0x000dd" gid="159" glyph_name="Yacute"/>
      <map char="0x00104" gid="198" glyph_name="Aogonek"/>
      <map char="0x0012b" gid="237" glyph_name="imacron"/>
      <map char="0x00152" gid="276" glyph_name="OE"/>
      <map char="0x00179" gid="315" glyph_name="Zacute"/>
      <map char="0x01ef2" gid="354" glyph_name="Ygrave"/>
      <map char="0x0fb01" gid="393" glyph_name="fi"/>
    </cmap>
    <cmap byte_length="522" encoding_id="0" format="6" language="0" num_chars="256" platform_id="1">
      <map char="0x00000" gid="1" glyph_name=".null"/>
      <map char="0x00019" gid="0" glyph_name=".notdef"/>
      <map char="0x00032" gid="21" glyph_name="two"/>
      <map char="0x0004b" gid="46" glyph_name="K"/>
      <map char="0x00064" gid="71" glyph_name="d"/>
      <map char="0x0007d" gid="96" glyph_name="braceright"/>
      <map char="0x00096" gid="179" glyph_name="ntilde"/>
      <map char="0x000af" gid="154" glyph_name="Oslash"/>
      <map char="0x000c8" gid="125" glyph_name="guillemotright"/>
      <map char="0x000e1" gid="121" glyph_name="periodcentered"/>
      <map char="0x000fa" gid="339" glyph_name="dotaccent"/>
    </cmap>
  </cmap_table>
</font_test_data>
