<?xml version="1.0" ?>
<font_test_data path="data/fonts/arvo/Arvo-Regular.ttf" post_name="Arvo" sha1="9d5d3fca52ada72c3885b3df7bd77edc3a9a31a5">
  <cmap_table num_cmaps="3">
    <cmap byte_length="542" encoding_id="1" format="4" language="0" num_chars="226" platform_id="3">
      <map char="0x00020" gid="28" glyph_name="space"/>
      <map char="0x00036" gid="65" glyph_name="six"/>
      <map char="0x0004c" gid="13" glyph_name="L"/>
      <map char="0x00062" gid="31" glyph_name="b"/>
      <map char="0x00078" gid="53" glyph_name="x"/>
      <map char="0x000b0" gid="124" glyph_name="degree"/>
      <map char="0x000c6" gid="131" glyph_name="AE"/>
      <map char="0x000dc" gid="167" glyph_name="Udieresis"/>
      <map char="0x000f2" gid="206" glyph_name="ograve"/>
      <map char="0x002c6" gid="116" glyph_name="circumflex"/>
      <map char="0x02074" gid="220" glyph_name="foursuperior"/>
    </cmap>
    <cmap byte_length="458" encoding_id="0" format="6" language="0" num_chars="224" platform_id="1">
      <map char="0x00020" gid="28" glyph_name="space"/>
      <map char="0x00036" gid="65" glyph_name="six"/>
      <map char="0x0004c" gid="13" glyph_name="L"/>
      <map char="0x00062" gid="31" glyph_name="b"/>
      <map char="0x00078" gid="53" glyph_name="x"/>
      <map char="0x0008e" gid="199" glyph_name="eacute"/>
      <map char="0x000a4" gid="221" glyph_name="section"/>
      <map char="0x000ba" gid="0" glyph_name=".notdef"/>
      <map char="0x000d0" gid="91" glyph_name="endash"/>
      <map char="0x000e6" gid="178" glyph_name="Ecircumflex"/>
      <map char="0x000fc" gid="120" glyph_name="cedilla"/>
    </cmap>
  </cmap_table>
</font_test_data>
