<?xml version="1.0" ?>
<font_test_data path="data/fonts/arvo/Arvo-Bold.ttf" post_name="Arvo-Bold" sha1="7d05171c974fce132a0a7db32bfdfba0a75eb048">
  <cmap_table num_cmaps="3">
    <cmap byte_length="504" encoding_id="1" format="4" language="0" num_chars="220" platform_id="3">
      <map char="0x00020" gid="28" glyph_name="space"/>
      <map char="0x00036" gid="65" glyph_name="six"/>
      <map char="0x0004c" gid="13" glyph_name="L"/>
      <map char="0x00062" gid="31" glyph_name="b"/>
      <map char="0x00078" gid="53" glyph_name="x"/>
      <map char="0x000b1" gid="99" glyph_name="plusminus"/>
      <map char="0x000c7" gid="166" glyph_name="Ccedilla"/>
      <map char="0x000dd" gid="181" glyph_name="Yacute"/>
      <map char="0x000f3" gid="200" glyph_name="oacute"/>
      <map char="0x002c7" gid="123" glyph_name="caron"/>
    </cmap>
    <cmap byte_length="458" encoding_id="0" format="6" language="0" num_chars="224" platform_id="1">
      <map char="0x00020" gid="28" glyph_name="space"/>
      <map char="0x00036" gid="65" glyph_name="six"/>
      <map char="0x0004c" gid="13" glyph_name="L"/>
      <map char="0x00062" gid="31" glyph_name="b"/>
      <map char="0x00078" gid="53" glyph_name="x"/>
      <map char="0x0008e" gid="189" glyph_name="eacute"/>
      <map char="0x000a4" gid="209" glyph_name="section"/>
      <map char="0x000ba" gid="0" glyph_name=".notdef"/>
      <map char="0x000d0" gid="91" glyph_name="endash"/>
      <map char="0x000e6" gid="165" glyph_name="Ecircumflex"/>
      <map char="0x000fc" gid="120" glyph_name="cedilla"/>
    </cmap>
  </cmap_table>
</font_test_data>
