<?xml version="1.0" ?>
<font_test_data path="data/fonts/dorsa/Dorsa-Regular.ttf" post_name="Dorsa-Regular" sha1="3780c2aa7250bfdc46ea1c76ca76c87390d44597">
  <cmap_table num_cmaps="3">
    <cmap byte_length="194" encoding_id="1" format="4" language="0" num_chars="210" platform_id="3">
      <map char="0x00020" gid="3" glyph_name="space"/>
      <map char="0x00035" gid="24" glyph_name="five"/>
      <map char="0x0004a" gid="45" glyph_name="J"/>
      <map char="0x0005f" gid="66" glyph_name="underscore"/>
      <map char="0x00074" gid="87" glyph_name="t"/>
      <map char="0x000aa" gid="107" glyph_name="ordfeminine"/>
      <map char="0x000c1" gid="128" glyph_name="Aacute"/>
      <map char="0x000d6" gid="149" glyph_name="Odieresis"/>
      <map char="0x000eb" gid="170" glyph_name="edieresis"/>
      <map char="0x00152" gid="191" glyph_name="OE"/>
    </cmap>
    <cmap byte_length="262" encoding_id="0" format="0" language="0" num_chars="256" platform_id="1">
      <map char="0x00000" gid="1" glyph_name=".null"/>
      <map char="0x00019" gid="0" glyph_name=".notdef"/>
      <map char="0x00032" gid="21" glyph_name="two"/>
      <map char="0x0004b" gid="46" glyph_name="K"/>
      <map char="0x00064" gid="71" glyph_name="d"/>
      <map char="0x0007d" gid="96" glyph_name="braceright"/>
      <map char="0x00096" gid="176" glyph_name="ntilde"/>
      <map char="0x000af" gid="151" glyph_name="Oslash"/>
      <map char="0x000c8" gid="122" glyph_name="guillemotright"/>
      <map char="0x000e1" gid="118" glyph_name="periodcentered"/>
      <map char="0x000fa" gid="0" glyph_name=".notdef"/>
    </cmap>
  </cmap_table>
</font_test_data>
