<?xml version="1.0" ?>
<font_test_data path="data/fonts/cabin/Cabin-SemiBold.ttf" post_name="Cabin-SemiBold" sha1="33d442f47fc6b47e7c33ea10133b8daea54211f9">
  <cmap_table num_cmaps="3">
    <cmap byte_length="224" encoding_id="1" format="4" language="0" num_chars="238" platform_id="3">
      <map char="0x00020" gid="1" glyph_name="space"/>
      <map char="0x00037" gid="24" glyph_name="seven"/>
      <map char="0x0004e" gid="47" glyph_name="N"/>
      <map char="0x00065" gid="70" glyph_name="e"/>
      <map char="0x0007c" gid="93" glyph_name="bar"/>
      <map char="0x000b5" gid="116" glyph_name="uni00B5"/>
      <map char="0x000cc" gid="139" glyph_name="Igrave"/>
      <map char="0x000e3" gid="162" glyph_name="atilde"/>
      <map char="0x000fa" gid="185" glyph_name="uacute"/>
      <map char="0x02019" gid="208" glyph_name="quoteright"/>
      <map char="0x02084" gid="231" glyph_name="uni2084"/>
    </cmap>
    <cmap byte_length="458" encoding_id="0" format="6" language="0" num_chars="224" platform_id="1">
      <map char="0x00020" gid="1" glyph_name="space"/>
      <map char="0x00036" gid="23" glyph_name="six"/>
      <map char="0x0004c" gid="45" glyph_name="L"/>
      <map char="0x00062" gid="67" glyph_name="b"/>
      <map char="0x00078" gid="89" glyph_name="x"/>
      <map char="0x0008e" gid="168" glyph_name="eacute"/>
      <map char="0x000a4" gid="103" glyph_name="section"/>
      <map char="0x000ba" gid="0" glyph_name=".notdef"/>
      <map char="0x000d0" gid="205" glyph_name="endash"/>
      <map char="0x000e6" gid="137" glyph_name="Ecircumflex"/>
      <map char="0x000fc" gid="119" glyph_name="cedilla"/>
    </cmap>
  </cmap_table>
</font_test_data>
