<?xml version="1.0" ?>
<font_test_data path="data/fonts/allerta/Allerta-Medium.ttf" post_name="Allerta-Medium" sha1="dd90c5c4c8fe1d05a3faa17e625bc393977be02b">
  <cmap_table num_cmaps="3">
    <cmap byte_length="252" encoding_id="1" format="4" language="0" num_chars="186" platform_id="3">
      <map char="0x00020" gid="3" glyph_name="space"/>
      <map char="0x00033" gid="21" glyph_name="three"/>
      <map char="0x00045" gid="39" glyph_name="E"/>
      <map char="0x00057" gid="57" glyph_name="W"/>
      <map char="0x0006b" gid="75" glyph_name="k"/>
      <map char="0x000a1" gid="92" glyph_name="exclamdown"/>
      <map char="0x000c8" gid="110" glyph_name="Egrave"/>
      <map char="0x000db" gid="128" glyph_name="Ucircumflex"/>
      <map char="0x000ee" gid="146" glyph_name="icircumflex"/>
      <map char="0x00141" gid="164" glyph_name="Lslash"/>
      <map char="0x02019" gid="182" glyph_name="quoteright"/>
    </cmap>
    <cmap byte_length="262" encoding_id="0" format="0" language="0" num_chars="256" platform_id="1">
      <map char="0x00000" gid="1" glyph_name=".null"/>
      <map char="0x00019" gid="0" glyph_name=".notdef"/>
      <map char="0x00032" gid="20" glyph_name="two"/>
      <map char="0x0004b" gid="45" glyph_name="K"/>
      <map char="0x00064" gid="68" glyph_name="d"/>
      <map char="0x0007d" gid="0" glyph_name=".notdef"/>
      <map char="0x00096" gid="149" glyph_name="ntilde"/>
      <map char="0x000af" gid="0" glyph_name=".notdef"/>
      <map char="0x000c8" gid="101" glyph_name="guillemotright"/>
      <map char="0x000e1" gid="0" glyph_name=".notdef"/>
      <map char="0x000fa" gid="174" glyph_name="dotaccent"/>
    </cmap>
  </cmap_table>
</font_test_data>
