<?xml version="1.0" ?>
<font_test_data path="data/fonts/fanwoodtext/FanwoodText-Regular.ttf" post_name="FanwoodText-Regular" sha1="ce542bf747d0464f9a5291388d33f52fd17becec">
  <cmap_table num_cmaps="3">
    <cmap byte_length="312" encoding_id="1" format="4" language="0" num_chars="417" platform_id="3">
      <map char="0x00020" gid="3" glyph_name="space"/>
      <map char="0x00049" gid="44" glyph_name="I"/>
      <map char="0x00072" gid="85" glyph_name="r"/>
      <map char="0x000bc" gid="126" glyph_name="onequarter"/>
      <map char="0x000e5" gid="167" glyph_name="aring"/>
      <map char="0x0010e" gid="208" glyph_name="Dcaron"/>
      <map char="0x00137" gid="249" glyph_name="kcommaaccent"/>
      <map char="0x00160" gid="290" glyph_name="Scaron"/>
      <map char="0x002c7" gid="331" glyph_name="caron"/>
      <map char="0x02001" gid="372" glyph_name="uni2001"/>
      <map char="0x02053" gid="413" glyph_name="uni2053"/>
    </cmap>
    <cmap byte_length="522" encoding_id="0" format="6" language="0" num_chars="256" platform_id="1">
      <map char="0x00000" gid="1" glyph_name=".null"/>
      <map char="0x00019" gid="0" glyph_name=".notdef"/>
      <map char="0x00032" gid="21" glyph_name="two"/>
      <map char="0x0004b" gid="46" glyph_name="K"/>
      <map char="0x00064" gid="71" glyph_name="d"/>
      <map char="0x0007d" gid="96" glyph_name="braceright"/>
      <map char="0x00096" gid="179" glyph_name="ntilde"/>
      <map char="0x000af" gid="154" glyph_name="Oslash"/>
      <map char="0x000c8" gid="125" glyph_name="guillemotright"/>
      <map char="0x000e1" gid="121" glyph_name="periodcentered"/>
      <map char="0x000fa" gid="334" glyph_name="dotaccent"/>
    </cmap>
  </cmap_table>
</font_test_data>
