<?xml version="1.0" ?>
<font_test_data path="data/fonts/caudex/Caudex-BoldItalic.ttf" post_name="Caudex-BoldItalic" sha1="3377c619b95f9eb26e73c7888371a97d45b02fdf">
  <cmap_table num_cmaps="3">
    <cmap byte_length="3272" encoding_id="1" format="4" language="0" num_chars="2014" platform_id="3">
      <map char="0x00020" gid="3" glyph_name="space"/>
      <map char="0x0010a" gid="204" glyph_name="Cdot"/>
      <map char="0x00219" gid="405" glyph_name="scommaaccent"/>
      <map char="0x003a0" gid="606" glyph_name="Pi"/>
      <map char="0x01e04" gid="807" glyph_name="Bdotbl"/>
      <map char="0x01f74" gid="1008" glyph_name="uni1F74"/>
      <map char="0x02193" gid="1209" glyph_name="arrsgldw"/>
      <map char="0x0e066" gid="1410" glyph_name="Cdotbl"/>
      <map char="0x0e8b3" gid="1611" glyph_name="q2app"/>
      <map char="0x0ef2a" gid="1812" glyph_name="nscapdotbl"/>
      <map char="0x0fb04" gid="2013" glyph_name="ffllig"/>
    </cmap>
    <cmap byte_length="522" encoding_id="0" format="6" language="0" num_chars="256" platform_id="1">
      <map char="0x00000" gid="1" glyph_name=".null"/>
      <map char="0x00019" gid="0" glyph_name=".notdef"/>
      <map char="0x00032" gid="21" glyph_name="two"/>
      <map char="0x0004b" gid="46" glyph_name="K"/>
      <map char="0x00064" gid="71" glyph_name="d"/>
      <map char="0x0007d" gid="96" glyph_name="rcub"/>
      <map char="0x00096" gid="179" glyph_name="ntilde"/>
      <map char="0x000af" gid="154" glyph_name="Oslash"/>
      <map char="0x000c8" gid="125" glyph_name="raquo"/>
      <map char="0x000e1" gid="121" glyph_name="middot"/>
      <map char="0x000fa" gid="449" glyph_name="dot"/>
    </cmap>
  </cmap_table>
</font_test_data>
