<?xml version="1.0" ?>
<font_test_data path="data/fonts/felltypes/IMFeENit28P.ttf" post_name="IM_FELL_English_Italic" sha1="06b76a48fbeeca6a72159bc3256478f2b906e224">
  <cmap_table num_cmaps="3">
    <cmap byte_length="500" encoding_id="1" format="4" language="0" num_chars="362" platform_id="3">
      <map char="0x00020" gid="3" glyph_name="space"/>
      <map char="0x00044" gid="39" glyph_name="D"/>
      <map char="0x00068" gid="75" glyph_name="h"/>
      <map char="0x000ad" gid="16" glyph_name="hyphen"/>
      <map char="0x000d1" gid="145" glyph_name="Ntilde"/>
      <map char="0x000f5" gid="181" glyph_name="otilde"/>
      <map char="0x00123" gid="217" glyph_name="gcommaaccent"/>
      <map char="0x0015a" gid="253" glyph_name="Sacute"/>
      <map char="0x002c7" gid="287" glyph_name="caron"/>
      <map char="0x02122" gid="320" glyph_name="trademark"/>
      <map char="0x0fb04" gid="354" glyph_name="f_f_l"/>
    </cmap>
    <cmap byte_length="522" encoding_id="0" format="6" language="0" num_chars="256" platform_id="1">
      <map char="0x00000" gid="1" glyph_name=".null"/>
      <map char="0x00019" gid="0" glyph_name=".notdef"/>
      <map char="0x00032" gid="21" glyph_name="two"/>
      <map char="0x0004b" gid="46" glyph_name="K"/>
      <map char="0x00064" gid="71" glyph_name="d"/>
      <map char="0x0007d" gid="96" glyph_name="braceright"/>
      <map char="0x00096" gid="303" glyph_name="endash"/>
      <map char="0x000af" gid="111" glyph_name="macron"/>
      <map char="0x000c8" gid="136" glyph_name="Egrave"/>
      <map char="0x000e1" gid="161" glyph_name="aacute"/>
      <map char="0x000fa" gid="186" glyph_name="uacute"/>
    </cmap>
  </cmap_table>
</font_test_data>
