<?xml version="1.0" ?>
<font_test_data path="data/fonts/felltypes/IMFeFCsc28P.ttf" post_name="IM_FELL_French_Canon_SC" sha1="f0d9b9ff433c73886e5a13dceb34ea0053ce1b94">
  <cmap_table num_cmaps="3">
    <cmap byte_length="436" encoding_id="1" format="4" language="0" num_chars="341" platform_id="3">
      <map char="0x00020" gid="3" glyph_name="space"/>
      <map char="0x00042" gid="37" glyph_name="B"/>
      <map char="0x00064" gid="71" glyph_name="d"/>
      <map char="0x000a7" gid="104" glyph_name="section"/>
      <map char="0x000c9" gid="137" glyph_name="Eacute"/>
      <map char="0x000eb" gid="171" glyph_name="edieresis"/>
      <map char="0x00111" gid="205" glyph_name="dcroat"/>
      <map char="0x00148" gid="239" glyph_name="ncaron"/>
      <map char="0x00177" gid="273" glyph_name="ycircumflex"/>
      <map char="0x02014" gid="302" glyph_name="emdash"/>
      <map char="0x0e054" gid="335" glyph_name="TFT"/>
    </cmap>
    <cmap byte_length="522" encoding_id="0" format="6" language="0" num_chars="256" platform_id="1">
      <map char="0x00000" gid="1" glyph_name=".null"/>
      <map char="0x00019" gid="0" glyph_name=".notdef"/>
      <map char="0x00032" gid="21" glyph_name="two"/>
      <map char="0x0004b" gid="46" glyph_name="K"/>
      <map char="0x00064" gid="71" glyph_name="d"/>
      <map char="0x0007d" gid="96" glyph_name="braceright"/>
      <map char="0x00096" gid="301" glyph_name="endash"/>
      <map char="0x000af" gid="111" glyph_name="macron"/>
      <map char="0x000c8" gid="136" glyph_name="Egrave"/>
      <map char="0x000e1" gid="161" glyph_name="aacute"/>
      <map char="0x000fa" gid="186" glyph_name="uacute"/>
    </cmap>
  </cmap_table>
</font_test_data>
