<?xml version="1.0" ?>
<font_test_data path="data/fonts/felltypes/IMFeGPrm28P.ttf" post_name="IM_FELL_Great_Primer_Roman" sha1="c666c5442de121b627513500ca7869cef02bf655">
  <cmap_table num_cmaps="3">
    <cmap byte_length="452" encoding_id="1" format="4" language="0" num_chars="354" platform_id="3">
      <map char="0x00020" gid="3" glyph_name="space"/>
      <map char="0x00043" gid="38" glyph_name="C"/>
      <map char="0x00066" gid="73" glyph_name="f"/>
      <map char="0x000aa" gid="107" glyph_name="ordfeminine"/>
      <map char="0x000cd" gid="141" glyph_name="Iacute"/>
      <map char="0x000f0" gid="176" glyph_name="eth"/>
      <map char="0x00119" gid="211" glyph_name="eogonek"/>
      <map char="0x00154" gid="246" glyph_name="Racute"/>
      <map char="0x0017f" gid="281" glyph_name="longs"/>
      <map char="0x02021" gid="311" glyph_name="daggerdbl"/>
      <map char="0x0fb02" gid="344" glyph_name="fl"/>
    </cmap>
    <cmap byte_length="522" encoding_id="0" format="6" language="0" num_chars="256" platform_id="1">
      <map char="0x00000" gid="1" glyph_name=".null"/>
      <map char="0x00019" gid="0" glyph_name=".notdef"/>
      <map char="0x00032" gid="21" glyph_name="two"/>
      <map char="0x0004b" gid="46" glyph_name="K"/>
      <map char="0x00064" gid="71" glyph_name="d"/>
      <map char="0x0007d" gid="96" glyph_name="braceright"/>
      <map char="0x00096" gid="302" glyph_name="endash"/>
      <map char="0x000af" gid="111" glyph_name="macron"/>
      <map char="0x000c8" gid="136" glyph_name="Egrave"/>
      <map char="0x000e1" gid="161" glyph_name="aacute"/>
      <map char="0x000fa" gid="186" glyph_name="uacute"/>
    </cmap>
  </cmap_table>
</font_test_data>
