<?xml version="1.0" ?>
<font_test_data path="data/fonts/felltypes/IMFeDPit28P.ttf" post_name="IM_FELL_Double_Pica_Italic" sha1="5587404f9f123a8c1ffc2781f834e20bfda15d66">
  <cmap_table num_cmaps="3">
    <cmap byte_length="476" encoding_id="1" format="4" language="0" num_chars="380" platform_id="3">
      <map char="0x00020" gid="3" glyph_name="space"/>
      <map char="0x00046" gid="41" glyph_name="F"/>
      <map char="0x0006c" gid="79" glyph_name="l"/>
      <map char="0x000b3" gid="115" glyph_name="threesuperior"/>
      <map char="0x000d9" gid="153" glyph_name="Ugrave"/>
      <map char="0x000ff" gid="191" glyph_name="ydieresis"/>
      <map char="0x0013b" gid="229" glyph_name="Lcommaaccent"/>
      <map char="0x00170" gid="267" glyph_name="Uhungarumlaut"/>
      <map char="0x01e85" gid="300" glyph_name="wdieresis"/>
      <map char="0x0e00b" gid="336" glyph_name="longs_l"/>
    </cmap>
    <cmap byte_length="522" encoding_id="0" format="6" language="0" num_chars="256" platform_id="1">
      <map char="0x00000" gid="1" glyph_name=".null"/>
      <map char="0x00019" gid="0" glyph_name=".notdef"/>
      <map char="0x00032" gid="21" glyph_name="two"/>
      <map char="0x0004b" gid="46" glyph_name="K"/>
      <map char="0x00064" gid="71" glyph_name="d"/>
      <map char="0x0007d" gid="96" glyph_name="braceright"/>
      <map char="0x00096" gid="303" glyph_name="endash"/>
      <map char="0x000af" gid="111" glyph_name="macron"/>
      <map char="0x000c8" gid="136" glyph_name="Egrave"/>
      <map char="0x000e1" gid="161" glyph_name="aacute"/>
      <map char="0x000fa" gid="186" glyph_name="uacute"/>
    </cmap>
  </cmap_table>
</font_test_data>
