<?xml version="1.0" ?>
<font_test_data path="data/fonts/felltypes/IMFeFCit28P.ttf" post_name="IM_FELL_French_Canon_Italic" sha1="ea987025f8999b9cf32057a7105144a352c898e6">
  <cmap_table num_cmaps="3">
    <cmap byte_length="452" encoding_id="1" format="4" language="0" num_chars="379" platform_id="3">
      <map char="0x00020" gid="3" glyph_name="space"/>
      <map char="0x00045" gid="40" glyph_name="E"/>
      <map char="0x0006a" gid="77" glyph_name="j"/>
      <map char="0x000b0" gid="112" glyph_name="degree"/>
      <map char="0x000d5" gid="149" glyph_name="Otilde"/>
      <map char="0x000fa" gid="186" glyph_name="uacute"/>
      <map char="0x00131" gid="223" glyph_name="dotlessi"/>
      <map char="0x00164" gid="260" glyph_name="Tcaron"/>
      <map char="0x0037e" gid="30" glyph_name="semicolon"/>
      <map char="0x0261e" gid="327" glyph_name="toright"/>
      <map char="0x0e041" gid="364" glyph_name="oxfordarm2"/>
    </cmap>
    <cmap byte_length="522" encoding_id="0" format="6" language="0" num_chars="256" platform_id="1">
      <map char="0x00000" gid="1" glyph_name=".null"/>
      <map char="0x00019" gid="0" glyph_name=".notdef"/>
      <map char="0x00032" gid="21" glyph_name="two"/>
      <map char="0x0004b" gid="46" glyph_name="K"/>
      <map char="0x00064" gid="71" glyph_name="d"/>
      <map char="0x0007d" gid="96" glyph_name="braceright"/>
      <map char="0x00096" gid="302" glyph_name="endash"/>
      <map char="0x000af" gid="111" glyph_name="macron"/>
      <map char="0x000c8" gid="136" glyph_name="Egrave"/>
      <map char="0x000e1" gid="161" glyph_name="aacute"/>
      <map char="0x000fa" gid="186" glyph_name="uacute"/>
    </cmap>
  </cmap_table>
</font_test_data>
