<?xml version="1.0" ?>
<font_test_data path="data/fonts/anonymouspro/AnonymousPro-BoldItalic.ttf" post_name="AnonymousPro-BoldItalic" sha1="cb739953f8bfb29e4f7fcfea87478df30ec44b26">
  <cmap_table num_cmaps="3">
    <cmap byte_length="974" encoding_id="1" format="4" language="0" num_chars="623" platform_id="3">
      <map char="0x00000" gid="1" glyph_name=".null"/>
      <map char="0x0005c" gid="61" glyph_name="backslash"/>
      <map char="0x000bb" gid="168" glyph_name="guillemotright"/>
      <map char="0x000f9" gid="125" glyph_name="ugrave"/>
      <map char="0x00137" gid="297" glyph_name="kcommaaccent"/>
      <map char="0x00175" gid="357" glyph_name="wcircumflex"/>
      <map char="0x003aa" gid="408" glyph_name="Iotadieresis"/>
      <map char="0x0041b" gid="469" glyph_name="afii10029"/>
      <map char="0x0045a" gid="531" glyph_name="afii10107"/>
      <map char="0x02303" gid="563" glyph_name="uni2303"/>
      <map char="0x0f900" gid="622" glyph_name="appleopen"/>
    </cmap>
    <cmap byte_length="522" encoding_id="0" format="6" language="0" num_chars="256" platform_id="1">
      <map char="0x00000" gid="1" glyph_name=".null"/>
      <map char="0x00019" gid="0" glyph_name=".notdef"/>
      <map char="0x00032" gid="19" glyph_name="two"/>
      <map char="0x0004b" gid="44" glyph_name="K"/>
      <map char="0x00064" gid="69" glyph_name="d"/>
      <map char="0x0007d" gid="94" glyph_name="braceright"/>
      <map char="0x00096" gid="176" glyph_name="endash"/>
      <map char="0x000af" gid="216" glyph_name="macron"/>
      <map char="0x000c8" gid="201" glyph_name="Egrave"/>
      <map char="0x000e1" gid="103" glyph_name="aacute"/>
      <map char="0x000fa" gid="124" glyph_name="uacute"/>
    </cmap>
  </cmap_table>
</font_test_data>
