<?xml version="1.0" ?>
<font_test_data path="data/fonts/coda/Coda-Heavy.ttf" post_name="Coda-Heavy" sha1="8cbf55ffe269a2cab2d46e79ce863d072e13ec12">
  <cmap_table num_cmaps="3">
    <cmap byte_length="240" encoding_id="1" format="4" language="0" num_chars="324" platform_id="3">
      <map char="0x00020" gid="3" glyph_name="space"/>
      <map char="0x00040" gid="35" glyph_name="at"/>
      <map char="0x00060" gid="67" glyph_name="grave"/>
      <map char="0x000a2" gid="99" glyph_name="cent"/>
      <map char="0x000c3" gid="131" glyph_name="Atilde"/>
      <map char="0x000e3" gid="163" glyph_name="atilde"/>
      <map char="0x00103" gid="195" glyph_name="abreve"/>
      <map char="0x0012d" gid="227" glyph_name="ibreve"/>
      <map char="0x00150" gid="259" glyph_name="Ohungarumlaut"/>
      <map char="0x0017a" gid="291" glyph_name="zacute"/>
      <map char="0x0203a" gid="323" glyph_name="guilsinglright"/>
    </cmap>
    <cmap byte_length="522" encoding_id="0" format="6" language="0" num_chars="256" platform_id="1">
      <map char="0x00000" gid="1" glyph_name="glyph00001"/>
      <map char="0x00019" gid="0" glyph_name=".notdef"/>
      <map char="0x00032" gid="21" glyph_name="two"/>
      <map char="0x0004b" gid="46" glyph_name="K"/>
      <map char="0x00064" gid="71" glyph_name="d"/>
      <map char="0x0007d" gid="96" glyph_name="braceright"/>
      <map char="0x00096" gid="177" glyph_name="ntilde"/>
      <map char="0x000af" gid="152" glyph_name="Oslash"/>
      <map char="0x000c8" gid="123" glyph_name="guillemotright"/>
      <map char="0x000e1" gid="0" glyph_name=".notdef"/>
      <map char="0x000fa" gid="302" glyph_name="dotaccent"/>
    </cmap>
  </cmap_table>
</font_test_data>
