<?xml version="1.0" ?>
<font_test_data path="data/fonts/coda/Coda-Caption-Heavy.ttf" post_name="Coda-Heavy" sha1="db91ea94d6b666d16ff4e8ec66e4955088c28c85">
  <cmap_table num_cmaps="3">
    <cmap byte_length="256" encoding_id="1" format="4" language="0" num_chars="409" platform_id="3">
      <map char="0x00020" gid="3" glyph_name="space"/>
      <map char="0x00048" gid="43" glyph_name="H"/>
      <map char="0x00070" gid="83" glyph_name="p"/>
      <map char="0x000b9" gid="123" glyph_name="uni00B9"/>
      <map char="0x000e1" gid="163" glyph_name="aacute"/>
      <map char="0x00109" gid="203" glyph_name="ccircumflex"/>
      <map char="0x00131" gid="243" glyph_name="dotlessi"/>
      <map char="0x00159" gid="283" glyph_name="rcaron"/>
      <map char="0x001c4" gid="323" glyph_name="uni01C4"/>
      <map char="0x0020e" gid="363" glyph_name="uni020E"/>
      <map char="0x02030" gid="402" glyph_name="perthousand"/>
    </cmap>
    <cmap byte_length="522" encoding_id="0" format="6" language="0" num_chars="256" platform_id="1">
      <map char="0x00000" gid="1" glyph_name=".null"/>
      <map char="0x00019" gid="0" glyph_name=".notdef"/>
      <map char="0x00032" gid="21" glyph_name="two"/>
      <map char="0x0004b" gid="46" glyph_name="K"/>
      <map char="0x00064" gid="71" glyph_name="d"/>
      <map char="0x0007d" gid="96" glyph_name="braceright"/>
      <map char="0x00096" gid="179" glyph_name="ntilde"/>
      <map char="0x000af" gid="154" glyph_name="Oslash"/>
      <map char="0x000c8" gid="125" glyph_name="guillemotright"/>
      <map char="0x000e1" gid="121" glyph_name="periodcentered"/>
      <map char="0x000fa" gid="381" glyph_name="dotaccent"/>
    </cmap>
  </cmap_table>
</font_test_data>
