<?xml version="1.0" ?>
<font_test_data path="data/fonts/blackopsone/BlackOpsOne.ttf" post_name="BlackOpsOne-Regular" sha1="e6f71cfa4f215ff1237cc9ae9a44998822cbe0fd">
  <cmap_table num_cmaps="3">
    <cmap byte_length="256" encoding_id="1" format="4" language="0" num_chars="262" platform_id="3">
      <map char="0x00001" gid="3" glyph_name="uni0001"/>
      <map char="0x00027" gid="29" glyph_name="quotesingle"/>
      <map char="0x00041" gid="55" glyph_name="A"/>
      <map char="0x0005b" gid="81" glyph_name="bracketleft"/>
      <map char="0x00075" gid="107" glyph_name="u"/>
      <map char="0x000b0" gid="133" glyph_name="degree"/>
      <map char="0x000ca" gid="159" glyph_name="Ecircumflex"/>
      <map char="0x000e4" gid="185" glyph_name="adieresis"/>
      <map char="0x000fe" gid="211" glyph_name="thorn"/>
      <map char="0x00237" gid="237" glyph_name="dotlessj"/>
      <map char="0x0fb01" gid="262" glyph_name="fi"/>
    </cmap>
    <cmap byte_length="522" encoding_id="0" format="6" language="0" num_chars="256" platform_id="1">
      <map char="0x00000" gid="1" glyph_name=".null"/>
      <map char="0x00019" gid="21" glyph_name="uni0019"/>
      <map char="0x00032" gid="40" glyph_name="two"/>
      <map char="0x0004b" gid="65" glyph_name="K"/>
      <map char="0x00064" gid="90" glyph_name="d"/>
      <map char="0x0007d" gid="115" glyph_name="braceright"/>
      <map char="0x00096" gid="198" glyph_name="ntilde"/>
      <map char="0x000af" gid="173" glyph_name="Oslash"/>
      <map char="0x000c8" gid="144" glyph_name="guillemotright"/>
      <map char="0x000e1" gid="140" glyph_name="periodcentered"/>
      <map char="0x000fa" gid="0" glyph_name=".notdef"/>
    </cmap>
  </cmap_table>
</font_test_data>
