<?xml version="1.0" ?>
<font_test_data path="data/fonts/ebgaramond/EBGaramond-Regular.ttf" post_name="EBGaramond" sha1="94a9c3a32f1ada685cc3a057689d324a92d9c3c6">
  <cmap_table num_cmaps="3">
    <cmap byte_length="1048" encoding_id="1" format="4" language="0" num_chars="1520" platform_id="3">
      <map char="0x00020" gid="3" glyph_name="space"/>
      <map char="0x000d9" gid="155" glyph_name="Ugrave"/>
      <map char="0x00171" gid="307" glyph_name="uhungarumlaut"/>
      <map char="0x0020b" gid="459" glyph_name="uni020B"/>
      <map char="0x002a6" gid="611" glyph_name="uni02A6"/>
      <map char="0x00408" gid="763" glyph_name="uni0408"/>
      <map char="0x01d2e" gid="915" glyph_name="uni1D2E"/>
      <map char="0x01e72" gid="1067" glyph_name="uni1E72"/>
      <map char="0x01fc9" gid="1219" glyph_name="uni1FC9"/>
      <map char="0x02176" gid="1371" glyph_name="uni2176"/>
    </cmap>
    <cmap byte_length="522" encoding_id="0" format="6" language="0" num_chars="256" platform_id="1">
      <map char="0x00000" gid="1" glyph_name=".null"/>
      <map char="0x00019" gid="0" glyph_name=".notdef"/>
      <map char="0x00032" gid="21" glyph_name="two"/>
      <map char="0x0004b" gid="46" glyph_name="K"/>
      <map char="0x00064" gid="71" glyph_name="d"/>
      <map char="0x0007d" gid="96" glyph_name="braceright"/>
      <map char="0x00096" gid="179" glyph_name="ntilde"/>
      <map char="0x000af" gid="154" glyph_name="Oslash"/>
      <map char="0x000c8" gid="125" glyph_name="guillemotright"/>
      <map char="0x000e1" gid="121" glyph_name="periodcentered"/>
      <map char="0x000fa" gid="643" glyph_name="dotaccent"/>
    </cmap>
  </cmap_table>
</font_test_data>
