<?xml version="1.0" ?>
<font_test_data path="data/fonts/allan/Allan-Bold.ttf" post_name="Allan" sha1="abd2bad0677f61ef76aaef36d349331c23f4e220">
  <cmap_table num_cmaps="3">
    <cmap byte_length="232" encoding_id="1" format="4" language="0" num_chars="228" platform_id="3">
      <map char="0x00020" gid="3" glyph_name="space"/>
      <map char="0x00036" gid="25" glyph_name="six"/>
      <map char="0x0004c" gid="47" glyph_name="L"/>
      <map char="0x00062" gid="69" glyph_name="b"/>
      <map char="0x00078" gid="91" glyph_name="x"/>
      <map char="0x000b0" gid="113" glyph_name="degree"/>
      <map char="0x000c6" gid="135" glyph_name="AE"/>
      <map char="0x000dc" gid="157" glyph_name="Udieresis"/>
      <map char="0x000f2" gid="179" glyph_name="ograve"/>
      <map char="0x0017e" gid="201" glyph_name="zcaron"/>
      <map char="0x0203a" gid="223" glyph_name="guilsinglright"/>
    </cmap>
    <cmap byte_length="262" encoding_id="0" format="0" language="0" num_chars="256" platform_id="1">
      <map char="0x00000" gid="1" glyph_name=".null"/>
      <map char="0x00019" gid="0" glyph_name=".notdef"/>
      <map char="0x00032" gid="21" glyph_name="two"/>
      <map char="0x0004b" gid="46" glyph_name="K"/>
      <map char="0x00064" gid="71" glyph_name="d"/>
      <map char="0x0007d" gid="96" glyph_name="braceright"/>
      <map char="0x00096" gid="178" glyph_name="ntilde"/>
      <map char="0x000af" gid="153" glyph_name="Oslash"/>
      <map char="0x000c8" gid="124" glyph_name="guillemotright"/>
      <map char="0x000e1" gid="120" glyph_name="middot"/>
      <map char="0x000fa" gid="205" glyph_name="dotaccent"/>
    </cmap>
  </cmap_table>
</font_test_data>
