<?xml version="1.0" ?>
<font_test_data path="data/fonts/actor/Actor-Regular.ttf" post_name="Actor-Regular" sha1="3aaf54c2d64dbb1ff513444def37baee8ec75410">
  <cmap_table num_cmaps="3">
    <cmap byte_length="702" encoding_id="1" format="4" language="0" num_chars="239" platform_id="3">
      <map char="0x00020" gid="3" glyph_name="space"/>
      <map char="0x00037" gid="195" glyph_name="seven"/>
      <map char="0x0004e" gid="33" glyph_name="N"/>
      <map char="0x00065" gid="105" glyph_name="e"/>
      <map char="0x0007c" gid="79" glyph_name="bar"/>
      <map char="0x000b4" gid="65" glyph_name="acute"/>
      <map char="0x000cb" gid="16" glyph_name="Edieresis"/>
      <map char="0x000e2" gid="64" glyph_name="acircumflex"/>
      <map char="0x000f9" gid="209" glyph_name="ugrave"/>
      <map char="0x002db" gid="234" glyph_name="ogonek"/>
      <map char="0x02212" gid="149" glyph_name="minus"/>
    </cmap>
    <cmap byte_length="262" encoding_id="0" format="0" language="0" num_chars="256" platform_id="1">
      <map char="0x00000" gid="1" glyph_name=".null"/>
      <map char="0x00019" gid="0" glyph_name=".notdef"/>
      <map char="0x00032" gid="204" glyph_name="two"/>
      <map char="0x0004b" gid="29" glyph_name="K"/>
      <map char="0x00064" gid="96" glyph_name="d"/>
      <map char="0x0007d" gid="81" glyph_name="braceright"/>
      <map char="0x00096" gid="154" glyph_name="ntilde"/>
      <map char="0x000af" gid="41" glyph_name="Oslash"/>
      <map char="0x000c8" gid="129" glyph_name="guillemotright"/>
      <map char="0x000e1" gid="173" glyph_name="periodcentered"/>
      <map char="0x000fa" gid="103" glyph_name="dotaccent"/>
    </cmap>
  </cmap_table>
</font_test_data>
