<?xml version="1.0" ?>
<font_test_data path="data/fonts/daysone/DaysOne-Regular.ttf" post_name="DaysOne-Regular" sha1="eb4cb4599f85ca070c50e58cda09ca39ea9983d8">
  <cmap_table num_cmaps="3">
    <cmap byte_length="320" encoding_id="1" format="4" language="0" num_chars="350" platform_id="3">
      <map char="0x00020" gid="3" glyph_name="space"/>
      <map char="0x00043" gid="38" glyph_name="C"/>
      <map char="0x00066" gid="73" glyph_name="f"/>
      <map char="0x000aa" gid="108" glyph_name="ordfeminine"/>
      <map char="0x000ce" gid="143" glyph_name="Icircumflex"/>
      <map char="0x000f1" gid="178" glyph_name="ntilde"/>
      <map char="0x00141" gid="213" glyph_name="Lslash"/>
      <map char="0x00409" gid="248" glyph_name="afii10058"/>
      <map char="0x0042d" gid="283" glyph_name="afii10047"/>
      <map char="0x00451" gid="318" glyph_name="afii10071"/>
    </cmap>
    <cmap byte_length="522" encoding_id="0" format="6" language="0" num_chars="256" platform_id="1">
      <map char="0x00000" gid="1" glyph_name=".null"/>
      <map char="0x00019" gid="0" glyph_name=".notdef"/>
      <map char="0x00032" gid="21" glyph_name="two"/>
      <map char="0x0004b" gid="46" glyph_name="K"/>
      <map char="0x00064" gid="71" glyph_name="d"/>
      <map char="0x0007d" gid="96" glyph_name="braceright"/>
      <map char="0x00096" gid="178" glyph_name="ntilde"/>
      <map char="0x000af" gid="153" glyph_name="Oslash"/>
      <map char="0x000c8" gid="124" glyph_name="guillemotright"/>
      <map char="0x000e1" gid="120" glyph_name="periodcentered"/>
      <map char="0x000fa" gid="0" glyph_name=".notdef"/>
    </cmap>
  </cmap_table>
</font_test_data>
