<?xml version="1.0" ?>
<font_test_data path="data/fonts/crushed/Crushed.ttf" post_name="Crushed-Regular" sha1="cae1684e251e83ada120ea1ba96ee74ca7aea989">
  <cmap_table num_cmaps="3">
    <cmap byte_length="696" encoding_id="1" format="4" language="0" num_chars="367" platform_id="3">
      <map char="0x00020" gid="362" glyph_name="space"/>
      <map char="0x00044" gid="4" glyph_name="D"/>
      <map char="0x00068" gid="34" glyph_name="h"/>
      <map char="0x000ad" gid="345" glyph_name="uni00AD"/>
      <map char="0x000d1" gid="160" glyph_name="Ntilde"/>
      <map char="0x000f5" gid="178" glyph_name="otilde"/>
      <map char="0x00119" gid="109" glyph_name="eogonek"/>
      <map char="0x0013e" gid="155" glyph_name="lcaron"/>
      <map char="0x00162" gid="209" glyph_name="Tcommaaccent"/>
      <map char="0x002c7" gid="355" glyph_name="caron"/>
      <map char="0x02215" gid="368" glyph_name="uni2215"/>
    </cmap>
    <cmap byte_length="458" encoding_id="0" format="6" language="0" num_chars="224" platform_id="1">
      <map char="0x00020" gid="362" glyph_name="space"/>
      <map char="0x00036" gid="263" glyph_name="six"/>
      <map char="0x0004c" gid="12" glyph_name="L"/>
      <map char="0x00062" gid="28" glyph_name="b"/>
      <map char="0x00078" gid="50" glyph_name="x"/>
      <map char="0x0008e" gid="97" glyph_name="eacute"/>
      <map char="0x000a4" gid="320" glyph_name="section"/>
      <map char="0x000ba" gid="0" glyph_name=".notdef"/>
      <map char="0x000d0" gid="346" glyph_name="endash"/>
      <map char="0x000e6" gid="98" glyph_name="Ecircumflex"/>
      <map char="0x000fc" gid="353" glyph_name="cedilla"/>
    </cmap>
  </cmap_table>
</font_test_data>
