<?xml version="1.0" ?>
<font_test_data path="data/fonts/francoisone/FrancoisOne.ttf" post_name="FrancoisOne-Regular" sha1="0cc1da9b68bf6acdb13e7c28f49b8ad0ea49caa5">
  <cmap_table num_cmaps="3">
    <cmap byte_length="456" encoding_id="1" format="4" language="0" num_chars="438" platform_id="3">
      <map char="0x00002" gid="3" glyph_name="uni0002"/>
      <map char="0x00048" gid="46" glyph_name="H"/>
      <map char="0x00073" gid="89" glyph_name="s"/>
      <map char="0x000c0" gid="132" glyph_name="Agrave"/>
      <map char="0x000eb" gid="175" glyph_name="edieresis"/>
      <map char="0x00116" gid="218" glyph_name="Edotaccent"/>
      <map char="0x00142" gid="261" glyph_name="lslash"/>
      <map char="0x0016d" gid="304" glyph_name="ubreve"/>
      <map char="0x00203" gid="347" glyph_name="uni0203"/>
      <map char="0x01e63" gid="390" glyph_name="uni1E63"/>
      <map char="0x025ca" gid="433" glyph_name="lozenge"/>
    </cmap>
    <cmap byte_length="504" encoding_id="0" format="6" language="0" num_chars="247" platform_id="1">
      <map char="0x00009" gid="4" glyph_name="uni0009"/>
      <map char="0x00021" gid="7" glyph_name="exclam"/>
      <map char="0x00039" gid="31" glyph_name="nine"/>
      <map char="0x00051" gid="55" glyph_name="Q"/>
      <map char="0x00069" gid="79" glyph_name="i"/>
      <map char="0x00081" gid="137" glyph_name="Aring"/>
      <map char="0x00099" gid="184" glyph_name="ocircumflex"/>
      <map char="0x000b1" gid="117" glyph_name="plusminus"/>
      <map char="0x000c9" gid="412" glyph_name="ellipsis"/>
      <map char="0x000e1" gid="123" glyph_name="periodcentered"/>
      <map char="0x000f9" gid="376" glyph_name="breve"/>
    </cmap>
  </cmap_table>
</font_test_data>
