<?xml version="1.0" ?>
<font_test_data path="data/fonts/amaticsc/AmaticSC-Regular.ttf" post_name="AmaticSC-Regular" sha1="f9421df0fdf944239ea7201ecb507ec6af81d44b">
  <cmap_table num_cmaps="3">
    <cmap byte_length="240" encoding_id="1" format="4" language="0" num_chars="372" platform_id="3">
      <map char="0x00020" gid="3" glyph_name="space"/>
      <map char="0x00045" gid="40" glyph_name="E"/>
      <map char="0x0006a" gid="77" glyph_name="j"/>
      <map char="0x000b2" gid="114" glyph_name="uni00B2"/>
      <map char="0x000d8" gid="151" glyph_name="Oslash"/>
      <map char="0x000fd" gid="188" glyph_name="yacute"/>
      <map char="0x00122" gid="225" glyph_name="Gcommaaccent"/>
      <map char="0x00147" gid="262" glyph_name="Ncaron"/>
      <map char="0x0016d" gid="299" glyph_name="ubreve"/>
      <map char="0x001f2" gid="336" glyph_name="uni01F2"/>
      <map char="0x02122" gid="372" glyph_name="trademark"/>
    </cmap>
    <cmap byte_length="522" encoding_id="0" format="6" language="0" num_chars="256" platform_id="1">
      <map char="0x00000" gid="1" glyph_name="glyph1"/>
      <map char="0x00019" gid="0" glyph_name=".notdef"/>
      <map char="0x00032" gid="21" glyph_name="two"/>
      <map char="0x0004b" gid="46" glyph_name="K"/>
      <map char="0x00064" gid="71" glyph_name="d"/>
      <map char="0x0007d" gid="96" glyph_name="braceright"/>
      <map char="0x00096" gid="176" glyph_name="ntilde"/>
      <map char="0x000af" gid="151" glyph_name="Oslash"/>
      <map char="0x000c8" gid="122" glyph_name="guillemotright"/>
      <map char="0x000e1" gid="119" glyph_name="periodcentered"/>
      <map char="0x000fa" gid="348" glyph_name="dotaccent"/>
    </cmap>
  </cmap_table>
</font_test_data>
