<?xml version="1.0" ?>
<font_test_data path="data/fonts/amaticsc/AmaticSC-Bold.ttf" post_name="AmaticSC-Bold" sha1="d134343557727bc31fbb009516bd63ab608bee87">
  <cmap_table num_cmaps="3">
    <cmap byte_length="248" encoding_id="1" format="4" language="0" num_chars="382" platform_id="3">
      <map char="0x00020" gid="3" glyph_name="space"/>
      <map char="0x00046" gid="41" glyph_name="F"/>
      <map char="0x0006c" gid="79" glyph_name="l"/>
      <map char="0x000b6" gid="117" glyph_name="paragraph"/>
      <map char="0x000dd" gid="155" glyph_name="Yacute"/>
      <map char="0x00103" gid="193" glyph_name="abreve"/>
      <map char="0x00129" gid="231" glyph_name="itilde"/>
      <map char="0x00150" gid="269" glyph_name="Ohungarumlaut"/>
      <map char="0x00178" gid="307" glyph_name="Ydieresis"/>
      <map char="0x00213" gid="345" glyph_name="uni0213"/>
      <map char="0x02122" gid="382" glyph_name="trademark"/>
    </cmap>
    <cmap byte_length="522" encoding_id="0" format="6" language="0" num_chars="256" platform_id="1">
      <map char="0x00000" gid="1" glyph_name="glyph1"/>
      <map char="0x00019" gid="0" glyph_name=".notdef"/>
      <map char="0x00032" gid="21" glyph_name="two"/>
      <map char="0x0004b" gid="46" glyph_name="K"/>
      <map char="0x00064" gid="71" glyph_name="d"/>
      <map char="0x0007d" gid="96" glyph_name="braceright"/>
      <map char="0x00096" gid="175" glyph_name="ntilde"/>
      <map char="0x000af" gid="150" glyph_name="Oslash"/>
      <map char="0x000c8" gid="121" glyph_name="guillemotright"/>
      <map char="0x000e1" gid="118" glyph_name="periodcentered"/>
      <map char="0x000fa" gid="358" glyph_name="dotaccent"/>
    </cmap>
  </cmap_table>
</font_test_data>
