<?xml version="1.0" ?>
<font_test_data path="data/fonts/damion/Damion-Regular.ttf" post_name="Damion" sha1="51009673d10020384337ffb249e2a78ed3fed444">
  <cmap_table num_cmaps="3">
    <cmap byte_length="314" encoding_id="1" format="4" language="0" num_chars="262" platform_id="3">
      <map char="0x00020" gid="3" glyph_name="space"/>
      <map char="0x0003a" gid="29" glyph_name="colon"/>
      <map char="0x00054" gid="55" glyph_name="T"/>
      <map char="0x0006e" gid="81" glyph_name="n"/>
      <map char="0x000a9" gid="106" glyph_name="copyright"/>
      <map char="0x000c5" gid="132" glyph_name="Aring"/>
      <map char="0x000df" gid="158" glyph_name="germandbls"/>
      <map char="0x000f9" gid="184" glyph_name="ugrave"/>
      <map char="0x00208" gid="210" glyph_name="uni0208"/>
      <map char="0x002dd" gid="236" glyph_name="hungarumlaut"/>
      <map char="0x0fb01" gid="261" glyph_name="fi"/>
    </cmap>
    <cmap byte_length="522" encoding_id="0" format="6" language="0" num_chars="256" platform_id="1">
      <map char="0x00000" gid="1" glyph_name=".null"/>
      <map char="0x00019" gid="0" glyph_name=".notdef"/>
      <map char="0x00032" gid="21" glyph_name="two"/>
      <map char="0x0004b" gid="46" glyph_name="K"/>
      <map char="0x00064" gid="71" glyph_name="d"/>
      <map char="0x0007d" gid="96" glyph_name="braceright"/>
      <map char="0x00096" gid="176" glyph_name="ntilde"/>
      <map char="0x000af" gid="151" glyph_name="Oslash"/>
      <map char="0x000c8" gid="122" glyph_name="guillemotright"/>
      <map char="0x000e1" gid="118" glyph_name="periodcentered"/>
      <map char="0x000fa" gid="233" glyph_name="dotaccent"/>
    </cmap>
  </cmap_table>
</font_test_data>
