<?xml version="1.0" ?>
<font_test_data path="data/fonts/brawler/Brawler-Regular.ttf" post_name="Brawler" sha1="74461d4938866d270baea62854bf8259f3cf037e">
  <cmap_table num_cmaps="3">
    <cmap byte_length="242" encoding_id="1" format="4" language="0" num_chars="221" platform_id="3">
      <map char="0x00020" gid="2" glyph_name="space"/>
      <map char="0x00036" gid="24" glyph_name="six"/>
      <map char="0x0004c" gid="46" glyph_name="L"/>
      <map char="0x00062" gid="68" glyph_name="b"/>
      <map char="0x00078" gid="90" glyph_name="x"/>
      <map char="0x000af" gid="111" glyph_name="macron"/>
      <map char="0x000c5" gid="129" glyph_name="Aring"/>
      <map char="0x000db" gid="151" glyph_name="Ucircumflex"/>
      <map char="0x000f1" gid="173" glyph_name="ntilde"/>
      <map char="0x002da" gid="192" glyph_name="ring"/>
      <map char="0x0f000" gid="211" glyph_name="uniF000"/>
    </cmap>
    <cmap byte_length="262" encoding_id="0" format="0" language="0" num_chars="256" platform_id="1">
      <map char="0x00000" gid="0" glyph_name=".notdef"/>
      <map char="0x00019" gid="0" glyph_name=".notdef"/>
      <map char="0x00032" gid="20" glyph_name="two"/>
      <map char="0x0004b" gid="45" glyph_name="K"/>
      <map char="0x00064" gid="70" glyph_name="d"/>
      <map char="0x0007d" gid="95" glyph_name="braceright"/>
      <map char="0x00096" gid="173" glyph_name="ntilde"/>
      <map char="0x000af" gid="148" glyph_name="Oslash"/>
      <map char="0x000c8" gid="119" glyph_name="guillemotright"/>
      <map char="0x000e1" gid="116" glyph_name="periodcentered"/>
      <map char="0x000fa" gid="219" glyph_name="dotaccent"/>
    </cmap>
  </cmap_table>
</font_test_data>
