<?xml version="1.0" ?>
<font_test_data path="data/fonts/candal/Candal.ttf" post_name="Candal" sha1="4a1921df92bdc555f4860f96d08b4bb874096281">
  <cmap_table num_cmaps="3">
    <cmap byte_length="448" encoding_id="1" format="4" language="0" num_chars="347" platform_id="3">
      <map char="0x00000" gid="1" glyph_name="uni0000"/>
      <map char="0x0003d" gid="36" glyph_name="equal"/>
      <map char="0x0005f" gid="70" glyph_name="underscore"/>
      <map char="0x000a2" gid="104" glyph_name="cent"/>
      <map char="0x000c4" gid="138" glyph_name="Adieresis"/>
      <map char="0x000e6" gid="172" glyph_name="ae"/>
      <map char="0x0010e" gid="206" glyph_name="Dcaron"/>
      <map char="0x00154" gid="240" glyph_name="Racute"/>
      <map char="0x00206" gid="274" glyph_name="uni0206"/>
      <map char="0x00326" gid="308" glyph_name="uni0326"/>
      <map char="0x025ca" gid="342" glyph_name="lozenge"/>
    </cmap>
    <cmap byte_length="522" encoding_id="0" format="6" language="0" num_chars="256" platform_id="1">
      <map char="0x00000" gid="1" glyph_name="uni0000"/>
      <map char="0x00019" gid="0" glyph_name=".notdef"/>
      <map char="0x00032" gid="25" glyph_name="two"/>
      <map char="0x0004b" gid="50" glyph_name="K"/>
      <map char="0x00064" gid="75" glyph_name="d"/>
      <map char="0x0007d" gid="100" glyph_name="braceright"/>
      <map char="0x00096" gid="183" glyph_name="ntilde"/>
      <map char="0x000af" gid="158" glyph_name="Oslash"/>
      <map char="0x000c8" gid="129" glyph_name="guillemotright"/>
      <map char="0x000e1" gid="125" glyph_name="periodcentered"/>
      <map char="0x000fa" gid="300" glyph_name="dotaccent"/>
    </cmap>
  </cmap_table>
</font_test_data>
