<?xml version="1.0" ?>
<font_test_data path="data/fonts/comfortaa/Comfortaa-Regular.ttf" post_name="Comfortaa" sha1="87e85cdc60eda0b114f9d09ce4c6c81fe4f28068">
  <cmap_table num_cmaps="3">
    <cmap byte_length="620" encoding_id="1" format="4" language="0" num_chars="601" platform_id="3">
      <map char="0x00020" gid="3" glyph_name="space"/>
      <map char="0x0005c" gid="63" glyph_name="backslash"/>
      <map char="0x000b9" gid="121" glyph_name="uni00B9"/>
      <map char="0x000f5" gid="181" glyph_name="otilde"/>
      <map char="0x00131" gid="192" glyph_name="dotlessi"/>
      <map char="0x0016d" gid="345" glyph_name="ubreve"/>
      <map char="0x0039d" gid="394" glyph_name="Nu"/>
      <map char="0x0040c" gid="482" glyph_name="afii10061"/>
      <map char="0x00449" gid="542" glyph_name="afii10091"/>
      <map char="0x02019" gid="206" glyph_name="quoteright"/>
      <map char="0x0fb02" gid="236" glyph_name="uniF002"/>
    </cmap>
    <cmap byte_length="458" encoding_id="0" format="6" language="0" num_chars="224" platform_id="1">
      <map char="0x00020" gid="3" glyph_name="space"/>
      <map char="0x00036" gid="25" glyph_name="six"/>
      <map char="0x0004c" gid="47" glyph_name="L"/>
      <map char="0x00062" gid="69" glyph_name="b"/>
      <map char="0x00078" gid="91" glyph_name="x"/>
      <map char="0x0008e" gid="169" glyph_name="eacute"/>
      <map char="0x000a4" gid="104" glyph_name="section"/>
      <map char="0x000ba" gid="231" glyph_name="integral"/>
      <map char="0x000d0" gid="203" glyph_name="endash"/>
      <map char="0x000e6" gid="138" glyph_name="Ecircumflex"/>
      <map char="0x000fc" gid="120" glyph_name="cedilla"/>
    </cmap>
  </cmap_table>
</font_test_data>
