<?xml version="1.0" ?>
<font_test_data path="data/fonts/andika/Andika-R.ttf" post_name="Andika" sha1="0c5ceeeb858a15f69f9cb510e7e7330e04423b58">
  <cmap_table num_cmaps="4">
    <cmap byte_length="4792" encoding_id="1" format="4" language="0" num_chars="2177" platform_id="3">
      <map char="0x0000d" gid="2" glyph_name="nonmarkingreturn"/>
      <map char="0x00119" gid="817" glyph_name="eogonek"/>
      <map char="0x001f2" gid="745" glyph_name="uni01F2"/>
      <map char="0x002cb" gid="2639" glyph_name="uni02CB"/>
      <map char="0x0042b" gid="597" glyph_name="uni042B"/>
      <map char="0x01d00" gid="474" glyph_name="uni1D00"/>
      <map char="0x01e0b" gid="699" glyph_name="uni1E0B"/>
      <map char="0x01ee4" gid="2213" glyph_name="uni1EE4"/>
      <map char="0x02184" gid="644" glyph_name="uni2184"/>
      <map char="0x0f1a4" gid="876" glyph_name="uniF1A4"/>
      <map char="0x0fe23" gid="2704" glyph_name="uniFE23"/>
    </cmap>
    <cmap byte_length="496" encoding_id="0" format="6" language="0" num_chars="243" platform_id="1">
      <map char="0x0000d" gid="2" glyph_name="nonmarkingreturn"/>
      <map char="0x00025" gid="8" glyph_name="percent"/>
      <map char="0x0003d" gid="32" glyph_name="equal"/>
      <map char="0x00055" gid="56" glyph_name="U"/>
      <map char="0x0006d" gid="80" glyph_name="m"/>
      <map char="0x00085" gid="103" glyph_name="Odieresis"/>
      <map char="0x0009d" gid="127" glyph_name="ugrave"/>
      <map char="0x000b5" gid="151" glyph_name="mu"/>
      <map char="0x000cd" gid="175" glyph_name="Otilde"/>
      <map char="0x000e5" gid="199" glyph_name="Acircumflex"/>
      <map char="0x000fd" gid="223" glyph_name="hungarumlaut"/>
    </cmap>
  </cmap_table>
</font_test_data>
