<?xml version="1.0" ?>
<font_test_data path="data/fonts/aldrich/Aldrich-Regular.ttf" post_name="Aldrich" sha1="4b10aee1035367bf89bf18d665e3acf069181743">
  <cmap_table num_cmaps="3">
    <cmap byte_length="262" encoding_id="1" format="4" language="0" num_chars="248" platform_id="3">
      <map char="0x00020" gid="3" glyph_name="space"/>
      <map char="0x00038" gid="25" glyph_name="eight"/>
      <map char="0x00050" gid="49" glyph_name="P"/>
      <map char="0x00068" gid="73" glyph_name="h"/>
      <map char="0x000a1" gid="97" glyph_name="exclamdown"/>
      <map char="0x000ba" gid="121" glyph_name="ordmasculine"/>
      <map char="0x000d2" gid="145" glyph_name="Ograve"/>
      <map char="0x000ea" gid="169" glyph_name="ecircumflex"/>
      <map char="0x00129" gid="193" glyph_name="itilde"/>
      <map char="0x0017d" gid="217" glyph_name="Zcaron"/>
      <map char="0x02039" gid="241" glyph_name="guilsinglleft"/>
    </cmap>
    <cmap byte_length="522" encoding_id="0" format="6" language="0" num_chars="256" platform_id="1">
      <map char="0x00000" gid="1" glyph_name=".null"/>
      <map char="0x00019" gid="0" glyph_name=".notdef"/>
      <map char="0x00032" gid="19" glyph_name="two"/>
      <map char="0x0004b" gid="44" glyph_name="K"/>
      <map char="0x00064" gid="69" glyph_name="d"/>
      <map char="0x0007d" gid="94" glyph_name="braceright"/>
      <map char="0x00096" gid="176" glyph_name="ntilde"/>
      <map char="0x000af" gid="151" glyph_name="Oslash"/>
      <map char="0x000c8" gid="122" glyph_name="guillemotright"/>
      <map char="0x000e1" gid="118" glyph_name="periodcentered"/>
      <map char="0x000fa" gid="223" glyph_name="dotaccent"/>
    </cmap>
  </cmap_table>
</font_test_data>
