<?xml version="1.0" ?>
<font_test_data path="data/fonts/aclonica/Aclonica.ttf" post_name="Aclonica-Regular" sha1="0d7cc41b70279ef88a36c38989c36aea1cabbb42">
  <cmap_table num_cmaps="3">
    <cmap byte_length="718" encoding_id="1" format="4" language="0" num_chars="368" platform_id="3">
      <map char="0x00020" gid="3" glyph_name="space"/>
      <map char="0x00044" gid="50" glyph_name="D"/>
      <map char="0x00068" gid="86" glyph_name="h"/>
      <map char="0x000ad" gid="233" glyph_name="uni00AD"/>
      <map char="0x000d1" gid="201" glyph_name="Ntilde"/>
      <map char="0x000f5" gid="224" glyph_name="otilde"/>
      <map char="0x00119" gid="267" glyph_name="eogonek"/>
      <map char="0x0013d" gid="333" glyph_name="Lcaron"/>
      <map char="0x00161" gid="172" glyph_name="scaron"/>
      <map char="0x002c7" gid="170" glyph_name="caron"/>
      <map char="0x02202" gid="128" glyph_name="partialdiff"/>
    </cmap>
    <cmap byte_length="262" encoding_id="0" format="0" language="0" num_chars="256" platform_id="1">
      <map char="0x00000" gid="1" glyph_name=".null"/>
      <map char="0x00019" gid="0" glyph_name=".notdef"/>
      <map char="0x00032" gid="32" glyph_name="two"/>
      <map char="0x0004b" gid="57" glyph_name="K"/>
      <map char="0x00064" gid="82" glyph_name="d"/>
      <map char="0x0007d" gid="107" glyph_name="braceright"/>
      <map char="0x00096" gid="219" glyph_name="ntilde"/>
      <map char="0x000af" gid="124" glyph_name="Oslash"/>
      <map char="0x000c8" gid="140" glyph_name="guillemotright"/>
      <map char="0x000e1" gid="156" glyph_name="periodcentered"/>
      <map char="0x000fa" gid="165" glyph_name="dotaccent"/>
    </cmap>
  </cmap_table>
</font_test_data>
