<?xml version="1.0" ?>
<font_test_data path="data/fonts/artifika/Artifika-Regular.ttf" post_name="Artifika-Medium" sha1="518d1a1f2f128cf42ed3ab9e1286e7cef7cffaab">
  <cmap_table num_cmaps="3">
    <cmap byte_length="160" encoding_id="1" format="4" language="0" num_chars="219" platform_id="3">
      <map char="0x00002" gid="3" glyph_name="nonmarkingreturn#1"/>
      <map char="0x00034" gid="24" glyph_name="four"/>
      <map char="0x00049" gid="45" glyph_name="I"/>
      <map char="0x0005e" gid="66" glyph_name="asciicircum"/>
      <map char="0x00073" gid="87" glyph_name="s"/>
      <map char="0x000a9" gid="108" glyph_name="copyright"/>
      <map char="0x000be" gid="129" glyph_name="threequarters"/>
      <map char="0x000d3" gid="150" glyph_name="Oacute"/>
      <map char="0x000e8" gid="171" glyph_name="egrave"/>
      <map char="0x000fd" gid="192" glyph_name="yacute"/>
      <map char="0x0201e" gid="213" glyph_name="quotedblbase"/>
    </cmap>
    <cmap byte_length="518" encoding_id="0" format="6" language="0" num_chars="254" platform_id="1">
      <map char="0x00002" gid="3" glyph_name="nonmarkingreturn#1"/>
      <map char="0x0001b" gid="0" glyph_name=".notdef"/>
      <map char="0x00034" gid="24" glyph_name="four"/>
      <map char="0x0004d" gid="49" glyph_name="M"/>
      <map char="0x00066" gid="74" glyph_name="f"/>
      <map char="0x0007f" gid="0" glyph_name=".notdef"/>
      <map char="0x00098" gid="181" glyph_name="ograve"/>
      <map char="0x000b1" gid="116" glyph_name="plusminus"/>
      <map char="0x000ca" gid="99" glyph_name="nonbreakingspace"/>
      <map char="0x000e3" gid="213" glyph_name="quotedblbase"/>
      <map char="0x000fc" gid="123" glyph_name="cedilla"/>
    </cmap>
  </cmap_table>
</font_test_data>
