<?xml version="1.0" ?>
<font_test_data path="data/fonts/dawningofanewday/DawningofaNewDay.ttf" post_name="DawningofaNewDay" sha1="813bd4d6b42b4bd9a8040e3a690c7273e2f2f4a9">
  <cmap_table num_cmaps="3">
    <cmap byte_length="280" encoding_id="1" format="4" language="0" num_chars="260" platform_id="3">
      <map char="0x00020" gid="3" glyph_name="space"/>
      <map char="0x0003a" gid="29" glyph_name="colon"/>
      <map char="0x00054" gid="55" glyph_name="T"/>
      <map char="0x0006e" gid="81" glyph_name="n"/>
      <map char="0x000a9" gid="107" glyph_name="copyright"/>
      <map char="0x000c4" gid="133" glyph_name="Adieresis"/>
      <map char="0x000de" gid="159" glyph_name="Thorn"/>
      <map char="0x000f8" gid="185" glyph_name="oslash"/>
      <map char="0x00150" gid="211" glyph_name="Ohungarumlaut"/>
      <map char="0x002c7" gid="237" glyph_name="caron"/>
    </cmap>
    <cmap byte_length="522" encoding_id="0" format="6" language="0" num_chars="256" platform_id="1">
      <map char="0x00000" gid="1" glyph_name=".null"/>
      <map char="0x00019" gid="0" glyph_name=".notdef"/>
      <map char="0x00032" gid="21" glyph_name="two"/>
      <map char="0x0004b" gid="46" glyph_name="K"/>
      <map char="0x00064" gid="71" glyph_name="d"/>
      <map char="0x0007d" gid="96" glyph_name="braceright"/>
      <map char="0x00096" gid="178" glyph_name="ntilde"/>
      <map char="0x000af" gid="153" glyph_name="Oslash"/>
      <map char="0x000c8" gid="124" glyph_name="guillemotright"/>
      <map char="0x000e1" gid="120" glyph_name="periodcentered"/>
      <map char="0x000fa" gid="239" glyph_name="dotaccent"/>
    </cmap>
  </cmap_table>
</font_test_data>
