<?xml version="1.0" ?>
<font_test_data path="data/fonts/copse/Copse-Regular.ttf" post_name="Copse" sha1="e261f3b283f5da6a39547291543175b67f2fb701">
  <cmap_table num_cmaps="3">
    <cmap byte_length="152" encoding_id="1" format="4" language="0" num_chars="212" platform_id="3">
      <map char="0x00000" gid="1" glyph_name=".null"/>
      <map char="0x00033" gid="22" glyph_name="three"/>
      <map char="0x00048" gid="43" glyph_name="H"/>
      <map char="0x0005d" gid="64" glyph_name="bracketright"/>
      <map char="0x00072" gid="85" glyph_name="r"/>
      <map char="0x000a8" gid="106" glyph_name="dieresis"/>
      <map char="0x000bd" gid="127" glyph_name="onehalf"/>
      <map char="0x000d2" gid="148" glyph_name="Ograve"/>
      <map char="0x000e7" gid="169" glyph_name="ccedilla"/>
      <map char="0x000fc" gid="190" glyph_name="udieresis"/>
      <map char="0x02074" gid="211" glyph_name="foursuperior"/>
    </cmap>
    <cmap byte_length="262" encoding_id="0" format="0" language="0" num_chars="256" platform_id="1">
      <map char="0x00000" gid="1" glyph_name=".null"/>
      <map char="0x00019" gid="0" glyph_name=".notdef"/>
      <map char="0x00032" gid="21" glyph_name="two"/>
      <map char="0x0004b" gid="46" glyph_name="K"/>
      <map char="0x00064" gid="71" glyph_name="d"/>
      <map char="0x0007d" gid="96" glyph_name="braceright"/>
      <map char="0x00096" gid="179" glyph_name="ntilde"/>
      <map char="0x000af" gid="154" glyph_name="Oslash"/>
      <map char="0x000c8" gid="125" glyph_name="guillemotright"/>
      <map char="0x000e1" gid="121" glyph_name="periodcentered"/>
      <map char="0x000fa" gid="0" glyph_name=".notdef"/>
    </cmap>
  </cmap_table>
</font_test_data>
