<?xml version="1.0" ?>
<font_test_data path="data/fonts/crimson/CrimsonText-Semibold.ttf" post_name="CrimsonText-Semibold" sha1="66f2ec6554824048e96ec7639a7fae80bcfcaac8">
  <cmap_table num_cmaps="3">
    <cmap byte_length="336" encoding_id="1" format="4" language="0" num_chars="448" platform_id="3">
      <map char="0x00020" gid="3" glyph_name="space"/>
      <map char="0x0004c" gid="47" glyph_name="L"/>
      <map char="0x00078" gid="91" glyph_name="x"/>
      <map char="0x000c6" gid="135" glyph_name="AE"/>
      <map char="0x000f2" gid="179" glyph_name="ograve"/>
      <map char="0x0011e" gid="223" glyph_name="Gbreve"/>
      <map char="0x0014b" gid="267" glyph_name="eng"/>
      <map char="0x00177" gid="311" glyph_name="ycircumflex"/>
      <map char="0x0030b" gid="355" glyph_name="uni030B"/>
      <map char="0x02208" gid="399" glyph_name="element"/>
      <map char="0x0f898" gid="443" glyph_name="uni0307.cap"/>
    </cmap>
    <cmap byte_length="522" encoding_id="0" format="6" language="0" num_chars="256" platform_id="1">
      <map char="0x00000" gid="1" glyph_name=".null"/>
      <map char="0x00019" gid="0" glyph_name=".notdef"/>
      <map char="0x00032" gid="21" glyph_name="two"/>
      <map char="0x0004b" gid="46" glyph_name="K"/>
      <map char="0x00064" gid="71" glyph_name="d"/>
      <map char="0x0007d" gid="96" glyph_name="braceright"/>
      <map char="0x00096" gid="178" glyph_name="ntilde"/>
      <map char="0x000af" gid="153" glyph_name="Oslash"/>
      <map char="0x000c8" gid="124" glyph_name="guillemotright"/>
      <map char="0x000e1" gid="120" glyph_name="periodcentered"/>
      <map char="0x000fa" gid="0" glyph_name=".notdef"/>
    </cmap>
  </cmap_table>
</font_test_data>
