<?xml version="1.0" ?>
<font_test_data path="data/fonts/crimson/CrimsonText-Italic.ttf" post_name="CrimsonText-Italic" sha1="0b478fe9fb4567cb929f488cce7e261694c0891d">
  <cmap_table num_cmaps="3">
    <cmap byte_length="328" encoding_id="1" format="4" language="0" num_chars="435" platform_id="3">
      <map char="0x00020" gid="3" glyph_name="space"/>
      <map char="0x0004b" gid="46" glyph_name="K"/>
      <map char="0x00076" gid="89" glyph_name="v"/>
      <map char="0x000c3" gid="132" glyph_name="Atilde"/>
      <map char="0x000ee" gid="175" glyph_name="icircumflex"/>
      <map char="0x00119" gid="218" glyph_name="eogonek"/>
      <map char="0x00144" gid="261" glyph_name="nacute"/>
      <map char="0x0016f" gid="304" glyph_name="uring"/>
      <map char="0x0030b" gid="347" glyph_name="uni030B"/>
      <map char="0x0221d" gid="390" glyph_name="proportional"/>
      <map char="0x0f89b" gid="433" glyph_name="hookabovecomb.cap"/>
    </cmap>
    <cmap byte_length="522" encoding_id="0" format="6" language="0" num_chars="256" platform_id="1">
      <map char="0x00000" gid="1" glyph_name=".null"/>
      <map char="0x00019" gid="0" glyph_name=".notdef"/>
      <map char="0x00032" gid="21" glyph_name="two"/>
      <map char="0x0004b" gid="46" glyph_name="K"/>
      <map char="0x00064" gid="71" glyph_name="d"/>
      <map char="0x0007d" gid="96" glyph_name="braceright"/>
      <map char="0x00096" gid="178" glyph_name="ntilde"/>
      <map char="0x000af" gid="153" glyph_name="Oslash"/>
      <map char="0x000c8" gid="124" glyph_name="guillemotright"/>
      <map char="0x000e1" gid="120" glyph_name="periodcentered"/>
      <map char="0x000fa" gid="331" glyph_name="dotaccent"/>
    </cmap>
  </cmap_table>
</font_test_data>
