<?xml version="1.0" ?>
<font_test_data path="data/fonts/crimson/CrimsonText-Bold.ttf" post_name="CrimsonText-Bold" sha1="2cdb963abeff773ff48647a8fd6dd9e988ea1c23">
  <cmap_table num_cmaps="3">
    <cmap byte_length="464" encoding_id="1" format="4" language="0" num_chars="737" platform_id="3">
      <map char="0x00020" gid="3" glyph_name="space"/>
      <map char="0x00069" gid="76" glyph_name="i"/>
      <map char="0x000d4" gid="149" glyph_name="Ocircumflex"/>
      <map char="0x0011d" gid="222" glyph_name="gcircumflex"/>
      <map char="0x00167" gid="295" glyph_name="tbar"/>
      <map char="0x00226" gid="368" glyph_name="uni0226"/>
      <map char="0x01e27" gid="441" glyph_name="uni1E27"/>
      <map char="0x01e72" gid="514" glyph_name="uni1E72"/>
      <map char="0x01ec1" gid="587" glyph_name="uni1EC1"/>
      <map char="0x0201e" gid="660" glyph_name="quotedblbase"/>
      <map char="0x0f89a" gid="733" glyph_name="uni0305.cap"/>
    </cmap>
    <cmap byte_length="522" encoding_id="0" format="6" language="0" num_chars="256" platform_id="1">
      <map char="0x00000" gid="1" glyph_name=".null"/>
      <map char="0x00019" gid="0" glyph_name=".notdef"/>
      <map char="0x00032" gid="21" glyph_name="two"/>
      <map char="0x0004b" gid="46" glyph_name="K"/>
      <map char="0x00064" gid="71" glyph_name="d"/>
      <map char="0x0007d" gid="96" glyph_name="braceright"/>
      <map char="0x00096" gid="178" glyph_name="ntilde"/>
      <map char="0x000af" gid="153" glyph_name="Oslash"/>
      <map char="0x000c8" gid="124" glyph_name="guillemotright"/>
      <map char="0x000e1" gid="120" glyph_name="periodcentered"/>
      <map char="0x000fa" gid="0" glyph_name=".notdef"/>
    </cmap>
  </cmap_table>
</font_test_data>
