<?xml version="1.0" ?>
<font_test_data path="data/fonts/crimson/CrimsonText-Roman.ttf" post_name="CrimsonText-Roman" sha1="6b80dd0b9b66856635fa0e9201f637c7a72dedf3">
  <cmap_table num_cmaps="3">
    <cmap byte_length="712" encoding_id="1" format="4" language="0" num_chars="1223" platform_id="3">
      <map char="0x00020" gid="3" glyph_name="space"/>
      <map char="0x000bc" gid="125" glyph_name="onequarter"/>
      <map char="0x00136" gid="247" glyph_name="Kcommaaccent"/>
      <map char="0x00302" gid="369" glyph_name="uni0302"/>
      <map char="0x003e3" gid="491" glyph_name="uni03E3"/>
      <map char="0x0045d" gid="613" glyph_name="uni045D"/>
      <map char="0x01e70" gid="735" glyph_name="uni1E70"/>
      <map char="0x01ef0" gid="857" glyph_name="uni1EF0"/>
      <map char="0x01f7c" gid="979" glyph_name="uni1F7C"/>
      <map char="0x02003" gid="1101" glyph_name="uni2003"/>
      <map char="0x0f89f" gid="1223" glyph_name="uni0308.cap"/>
    </cmap>
    <cmap byte_length="522" encoding_id="0" format="6" language="0" num_chars="256" platform_id="1">
      <map char="0x00000" gid="1" glyph_name=".null"/>
      <map char="0x00019" gid="0" glyph_name=".notdef"/>
      <map char="0x00032" gid="21" glyph_name="two"/>
      <map char="0x0004b" gid="46" glyph_name="K"/>
      <map char="0x00064" gid="71" glyph_name="d"/>
      <map char="0x0007d" gid="96" glyph_name="braceright"/>
      <map char="0x00096" gid="178" glyph_name="ntilde"/>
      <map char="0x000af" gid="153" glyph_name="Oslash"/>
      <map char="0x000c8" gid="124" glyph_name="guillemotright"/>
      <map char="0x000e1" gid="120" glyph_name="periodcentered"/>
      <map char="0x000fa" gid="362" glyph_name="dotaccent"/>
    </cmap>
  </cmap_table>
</font_test_data>
