<?xml version="1.0" ?>
<font_test_data path="data/fonts/cardo/Cardo-Bold.ttf" post_name="Cardo-Bold" sha1="4fd12be64df267bb24bfc326633da3cef00a2d66">
  <cmap_table num_cmaps="5">
    <cmap byte_length="3676" encoding_id="1" format="4" language="0" num_chars="2308" platform_id="3">
      <map char="0x00020" gid="3" glyph_name="space"/>
      <map char="0x00127" gid="232" glyph_name="hbar"/>
      <map char="0x0028d" gid="461" glyph_name="uni028D"/>
      <map char="0x00373" gid="691" glyph_name="uni0373"/>
      <map char="0x016a0" gid="921" glyph_name="uni16A0"/>
      <map char="0x01f19" gid="1151" glyph_name="uni1F19"/>
      <map char="0x02014" gid="1381" glyph_name="emdash"/>
      <map char="0x027eb" gid="1610" glyph_name="uni27EB"/>
      <map char="0x0e5b8" gid="1840" glyph_name="uniE5B8"/>
      <map char="0x0f1d5" gid="2070" glyph_name="uniF1D5"/>
      <map char="0x0fb49" gid="2282" glyph_name="uniFB49"/>
    </cmap>
    <cmap byte_length="522" encoding_id="0" format="6" language="0" num_chars="256" platform_id="1">
      <map char="0x00000" gid="1" glyph_name=".null"/>
      <map char="0x00019" gid="0" glyph_name=".notdef"/>
      <map char="0x00032" gid="21" glyph_name="two"/>
      <map char="0x0004b" gid="46" glyph_name="K"/>
      <map char="0x00064" gid="71" glyph_name="d"/>
      <map char="0x0007d" gid="96" glyph_name="braceright"/>
      <map char="0x00096" gid="179" glyph_name="ntilde"/>
      <map char="0x000af" gid="154" glyph_name="Oslash"/>
      <map char="0x000c8" gid="125" glyph_name="guillemotright"/>
      <map char="0x000e1" gid="121" glyph_name="periodcentered"/>
      <map char="0x000fa" gid="537" glyph_name="dotaccent"/>
    </cmap>
  </cmap_table>
</font_test_data>
