<?xml version="1.0" ?>
<font_test_data path="data/fonts/cardo/Cardo-Italic.ttf" post_name="Cardo-Italic" sha1="cdb27c222d107f0da7ef41e1850f1bf4a76b91f5">
  <cmap_table num_cmaps="3">
    <cmap byte_length="3788" encoding_id="1" format="4" language="0" num_chars="2412" platform_id="3">
      <map char="0x00020" gid="3" glyph_name="space"/>
      <map char="0x00132" gid="243" glyph_name="IJ"/>
      <map char="0x00296" gid="483" glyph_name="uni0296"/>
      <map char="0x00399" gid="724" glyph_name="Iota"/>
      <map char="0x016c9" gid="965" glyph_name="uni16C9"/>
      <map char="0x01f48" gid="1206" glyph_name="uni1F48"/>
      <map char="0x02079" gid="1447" glyph_name="ninesuperior"/>
      <map char="0x0a734" gid="1687" glyph_name="uniA734"/>
      <map char="0x0e501" gid="1926" glyph_name="uniE501"/>
      <map char="0x0f1c1" gid="2139" glyph_name="uniF1C1"/>
      <map char="0x0fb4f" gid="2353" glyph_name="uniFB4F"/>
    </cmap>
    <cmap byte_length="522" encoding_id="0" format="6" language="0" num_chars="256" platform_id="1">
      <map char="0x00000" gid="1" glyph_name=".null"/>
      <map char="0x00019" gid="0" glyph_name=".notdef"/>
      <map char="0x00032" gid="21" glyph_name="two"/>
      <map char="0x0004b" gid="46" glyph_name="K"/>
      <map char="0x00064" gid="71" glyph_name="d"/>
      <map char="0x0007d" gid="96" glyph_name="braceright"/>
      <map char="0x00096" gid="179" glyph_name="ntilde"/>
      <map char="0x000af" gid="154" glyph_name="Oslash"/>
      <map char="0x000c8" gid="125" glyph_name="guillemotright"/>
      <map char="0x000e1" gid="121" glyph_name="periodcentered"/>
      <map char="0x000fa" gid="550" glyph_name="dotaccent"/>
    </cmap>
  </cmap_table>
</font_test_data>
