<?xml version="1.0" ?>
<font_test_data path="data/fonts/cardo/Cardo-Regular.ttf" post_name="Cardo-Regular" sha1="9dcd23a348e554fca938b960d8692d844eb2bb40">
  <cmap_table num_cmaps="5">
    <cmap byte_length="4686" encoding_id="1" format="4" language="0" num_chars="3115" platform_id="3">
      <map char="0x00020" gid="3" glyph_name="space"/>
      <map char="0x00178" gid="313" glyph_name="Ydieresis"/>
      <map char="0x00322" gid="623" glyph_name="uni0322"/>
      <map char="0x010fb" gid="934" glyph_name="uni10FB"/>
      <map char="0x01f40" gid="1245" glyph_name="uni1F40"/>
      <map char="0x02206" gid="729" glyph_name="Delta"/>
      <map char="0x0e099" gid="1866" glyph_name="uniE099"/>
      <map char="0x0e7c8" gid="2175" glyph_name="uniE7C8"/>
      <map char="0x0eff7" gid="2481" glyph_name="uniEFF7"/>
      <map char="0x0f42e" gid="2792" glyph_name="u10198.01"/>
      <map char="0x0fb4c" gid="3085" glyph_name="uniFB4C"/>
    </cmap>
    <cmap byte_length="522" encoding_id="0" format="6" language="0" num_chars="256" platform_id="1">
      <map char="0x00000" gid="1" glyph_name=".null"/>
      <map char="0x00019" gid="0" glyph_name=".notdef"/>
      <map char="0x00032" gid="21" glyph_name="two"/>
      <map char="0x0004b" gid="46" glyph_name="K"/>
      <map char="0x00064" gid="71" glyph_name="d"/>
      <map char="0x0007d" gid="96" glyph_name="braceright"/>
      <map char="0x00096" gid="179" glyph_name="ntilde"/>
      <map char="0x000af" gid="154" glyph_name="Oslash"/>
      <map char="0x000c8" gid="125" glyph_name="guillemotright"/>
      <map char="0x000e1" gid="121" glyph_name="periodcentered"/>
      <map char="0x000fa" gid="550" glyph_name="dotaccent"/>
    </cmap>
  </cmap_table>
</font_test_data>
