<?xml version="1.0" ?>
<font_test_data path="data/fonts/bentham/Bentham-Regular.ttf" post_name="Bentham-Regular" sha1="23fc769a28ade7293e78d90611c2c8eeb2d34e6c">
  <cmap_table num_cmaps="3">
    <cmap byte_length="248" encoding_id="1" format="4" language="0" num_chars="315" platform_id="3">
      <map char="0x00013" gid="3" glyph_name="uni0013"/>
      <map char="0x0003e" gid="34" glyph_name="greater"/>
      <map char="0x0005d" gid="65" glyph_name="bracketright"/>
      <map char="0x0007c" gid="96" glyph_name="bar"/>
      <map char="0x000d0" gid="127" glyph_name="Eth"/>
      <map char="0x000f2" gid="158" glyph_name="ograve"/>
      <map char="0x00113" gid="189" glyph_name="emacron"/>
      <map char="0x00132" gid="220" glyph_name="IJ"/>
      <map char="0x00153" gid="251" glyph_name="oe"/>
      <map char="0x00172" gid="282" glyph_name="Uogonek"/>
      <map char="0x0221e" gid="313" glyph_name="infinity"/>
    </cmap>
    <cmap byte_length="522" encoding_id="0" format="6" language="0" num_chars="256" platform_id="1">
      <map char="0x00000" gid="1" glyph_name=".null"/>
      <map char="0x00019" gid="0" glyph_name=".notdef"/>
      <map char="0x00032" gid="22" glyph_name="two"/>
      <map char="0x0004b" gid="47" glyph_name="K"/>
      <map char="0x00064" gid="72" glyph_name="d"/>
      <map char="0x0007d" gid="97" glyph_name="braceright"/>
      <map char="0x00096" gid="157" glyph_name="ntilde"/>
      <map char="0x000af" gid="135" glyph_name="Oslash"/>
      <map char="0x000c8" gid="109" glyph_name="guillemotright"/>
      <map char="0x000e1" gid="0" glyph_name=".notdef"/>
      <map char="0x000fa" gid="0" glyph_name=".notdef"/>
    </cmap>
  </cmap_table>
</font_test_data>
