<?xml version="1.0" ?>
<font_test_data path="data/fonts/cantarell/Cantarell-Oblique.ttf" post_name="Cantarell-Oblique" sha1="620ce9fbc7a03a4e52be79c5fdcfcf7743945ec6">
  <cmap_table num_cmaps="3">
    <cmap byte_length="264" encoding_id="1" format="4" language="0" num_chars="388" platform_id="3">
      <map char="0x00020" gid="3" glyph_name="space"/>
      <map char="0x00046" gid="41" glyph_name="F"/>
      <map char="0x0006c" gid="79" glyph_name="l"/>
      <map char="0x000b3" gid="117" glyph_name="uni00B3"/>
      <map char="0x000d9" gid="155" glyph_name="Ugrave"/>
      <map char="0x000ff" gid="193" glyph_name="ydieresis"/>
      <map char="0x00125" gid="231" glyph_name="hcircumflex"/>
      <map char="0x0014b" gid="269" glyph_name="eng"/>
      <map char="0x00171" gid="307" glyph_name="uhungarumlaut"/>
      <map char="0x01e57" gid="345" glyph_name="uni1E57"/>
      <map char="0x0204b" gid="383" glyph_name="uni204B"/>
    </cmap>
    <cmap byte_length="522" encoding_id="0" format="6" language="0" num_chars="256" platform_id="1">
      <map char="0x00000" gid="1" glyph_name=".null"/>
      <map char="0x00019" gid="0" glyph_name=".notdef"/>
      <map char="0x00032" gid="21" glyph_name="two"/>
      <map char="0x0004b" gid="46" glyph_name="K"/>
      <map char="0x00064" gid="71" glyph_name="d"/>
      <map char="0x0007d" gid="96" glyph_name="braceright"/>
      <map char="0x00096" gid="179" glyph_name="ntilde"/>
      <map char="0x000af" gid="154" glyph_name="Oslash"/>
      <map char="0x000c8" gid="125" glyph_name="guillemotright"/>
      <map char="0x000e1" gid="121" glyph_name="periodcentered"/>
      <map char="0x000fa" gid="329" glyph_name="dotaccent"/>
    </cmap>
  </cmap_table>
</font_test_data>
