<?xml version="1.0" ?>
<font_test_data path="data/fonts/buda/Buda-Light.ttf" post_name="Buda" sha1="52ada69f5d9d8f9f5f284bc9b7fa8f8057f07f5d">
  <cmap_table num_cmaps="3">
    <cmap byte_length="552" encoding_id="1" format="4" language="0" num_chars="213" platform_id="3">
      <map char="0x00020" gid="191" glyph_name="space"/>
      <map char="0x00035" gid="114" glyph_name="five"/>
      <map char="0x0004a" gid="30" glyph_name="J"/>
      <map char="0x0005f" gid="206" glyph_name="underscore"/>
      <map char="0x00074" gid="193" glyph_name="t"/>
      <map char="0x000aa" gid="158" glyph_name="ordfeminine"/>
      <map char="0x000c0" gid="8" glyph_name="Agrave"/>
      <map char="0x000d5" gid="42" glyph_name="Otilde"/>
      <map char="0x000ea" gid="103" glyph_name="ecircumflex"/>
      <map char="0x000ff" gid="212" glyph_name="ydieresis"/>
      <map char="0x0203a" gid="121" glyph_name="guilsinglright"/>
    </cmap>
    <cmap byte_length="262" encoding_id="0" format="0" language="0" num_chars="256" platform_id="1">
      <map char="0x00000" gid="1" glyph_name=".null"/>
      <map char="0x00019" gid="0" glyph_name=".notdef"/>
      <map char="0x00032" gid="199" glyph_name="two"/>
      <map char="0x0004b" gid="31" glyph_name="K"/>
      <map char="0x00064" gid="94" glyph_name="d"/>
      <map char="0x0007d" gid="78" glyph_name="braceright"/>
      <map char="0x00096" gid="146" glyph_name="ntilde"/>
      <map char="0x000af" gid="41" glyph_name="Oslash"/>
      <map char="0x000c8" gid="124" glyph_name="guillemotright"/>
      <map char="0x000e1" gid="168" glyph_name="middot"/>
      <map char="0x000fa" gid="99" glyph_name="dotaccent"/>
    </cmap>
  </cmap_table>
</font_test_data>
