<?xml version="1.0" ?>
<font_test_data path="data/fonts/forum/Forum-Regular.ttf" post_name="Forum" sha1="e1f805d3a40f0aa2a440fb85d131bbeb8aa2babb">
  <cmap_table num_cmaps="3">
    <cmap byte_length="1262" encoding_id="1" format="4" language="0" num_chars="578" platform_id="3">
      <map char="0x00020" gid="3" glyph_name="space"/>
      <map char="0x00059" gid="60" glyph_name="Y"/>
      <map char="0x000b7" gid="163" glyph_name="periodcentered"/>
      <map char="0x000f5" gid="156" glyph_name="otilde"/>
      <map char="0x0012e" gid="235" glyph_name="Iogonek"/>
      <map char="0x00169" gid="565" glyph_name="utilde"/>
      <map char="0x00405" gid="365" glyph_name="uni0405"/>
      <map char="0x0043e" gid="426" glyph_name="uni043E"/>
      <map char="0x004a3" gid="479" glyph_name="uni04A3"/>
      <map char="0x004f1" gid="531" glyph_name="uni04F1"/>
      <map char="0x02206" gid="220" glyph_name="Delta"/>
    </cmap>
    <cmap byte_length="262" encoding_id="0" format="0" language="0" num_chars="256" platform_id="1">
      <map char="0x00000" gid="1" glyph_name="NULL"/>
      <map char="0x00019" gid="0" glyph_name=".notdef"/>
      <map char="0x00032" gid="193" glyph_name="two"/>
      <map char="0x0004b" gid="31" glyph_name="K"/>
      <map char="0x00064" gid="97" glyph_name="d"/>
      <map char="0x0007d" gid="83" glyph_name="braceright"/>
      <map char="0x00096" gid="112" glyph_name="endash"/>
      <map char="0x000af" gid="142" glyph_name="macron"/>
      <map char="0x000c8" gid="19" glyph_name="Egrave"/>
      <map char="0x000e1" gid="66" glyph_name="aacute"/>
      <map char="0x000fa" gid="195" glyph_name="uacute"/>
    </cmap>
  </cmap_table>
</font_test_data>
