<?xml version="1.0" ?>
<font_test_data path="data/fonts/amaranth/Amaranth-Italic.ttf" post_name="Amaranth-Italic" sha1="df2d5c597ee00936610a9b286354cda061026633">
  <cmap_table num_cmaps="3">
    <cmap byte_length="566" encoding_id="1" format="4" language="0" num_chars="215" platform_id="3">
      <map char="0x00020" gid="3" glyph_name="space"/>
      <map char="0x00035" gid="62" glyph_name="five"/>
      <map char="0x0004a" gid="41" glyph_name="J"/>
      <map char="0x0005f" gid="120" glyph_name="underscore"/>
      <map char="0x00074" gid="22" glyph_name="t"/>
      <map char="0x000aa" gid="78" glyph_name="ordfeminine"/>
      <map char="0x000bf" gid="105" glyph_name="questiondown"/>
      <map char="0x000d4" gid="170" glyph_name="Ocircumflex"/>
      <map char="0x000e9" gid="193" glyph_name="eacute"/>
      <map char="0x000fe" gid="144" glyph_name="thorn"/>
      <map char="0x02044" gid="156" glyph_name="fraction"/>
    </cmap>
    <cmap byte_length="262" encoding_id="0" format="0" language="0" num_chars="256" platform_id="1">
      <map char="0x00000" gid="1" glyph_name=".null"/>
      <map char="0x00019" gid="0" glyph_name=".notdef"/>
      <map char="0x00032" gid="63" glyph_name="two"/>
      <map char="0x0004b" gid="40" glyph_name="K"/>
      <map char="0x00064" gid="216" glyph_name="d"/>
      <map char="0x0007d" gid="125" glyph_name="braceright"/>
      <map char="0x00096" gid="198" glyph_name="ntilde"/>
      <map char="0x000af" gid="108" glyph_name="Oslash"/>
      <map char="0x000c8" gid="141" glyph_name="guillemotright"/>
      <map char="0x000e1" gid="123" glyph_name="periodcentered"/>
      <map char="0x000fa" gid="0" glyph_name=".notdef"/>
    </cmap>
  </cmap_table>
</font_test_data>
