<?xml version="1.0" ?>
<font_test_data path="data/fonts/amaranth/Amaranth-Bold.ttf" post_name="Amaranth-Bold" sha1="e8086b87175f049df46b7827b33b719a9522e9ec">
  <cmap_table num_cmaps="3">
    <cmap byte_length="566" encoding_id="1" format="4" language="0" num_chars="215" platform_id="3">
      <map char="0x00020" gid="3" glyph_name="space"/>
      <map char="0x00035" gid="62" glyph_name="five"/>
      <map char="0x0004a" gid="41" glyph_name="J"/>
      <map char="0x0005f" gid="121" glyph_name="underscore"/>
      <map char="0x00074" gid="22" glyph_name="t"/>
      <map char="0x000aa" gid="78" glyph_name="ordfeminine"/>
      <map char="0x000bf" gid="106" glyph_name="questiondown"/>
      <map char="0x000d4" gid="168" glyph_name="Ocircumflex"/>
      <map char="0x000e9" gid="191" glyph_name="eacute"/>
      <map char="0x000fe" gid="145" glyph_name="thorn"/>
      <map char="0x02044" gid="157" glyph_name="fraction"/>
    </cmap>
    <cmap byte_length="262" encoding_id="0" format="0" language="0" num_chars="256" platform_id="1">
      <map char="0x00000" gid="1" glyph_name=".null"/>
      <map char="0x00019" gid="0" glyph_name=".notdef"/>
      <map char="0x00032" gid="63" glyph_name="two"/>
      <map char="0x0004b" gid="40" glyph_name="K"/>
      <map char="0x00064" gid="216" glyph_name="d"/>
      <map char="0x0007d" gid="126" glyph_name="braceright"/>
      <map char="0x00096" gid="196" glyph_name="ntilde"/>
      <map char="0x000af" gid="109" glyph_name="Oslash"/>
      <map char="0x000c8" gid="142" glyph_name="guillemotright"/>
      <map char="0x000e1" gid="124" glyph_name="periodcentered"/>
      <map char="0x000fa" gid="0" glyph_name=".notdef"/>
    </cmap>
  </cmap_table>
</font_test_data>
