<?xml version="1.0" ?>
<font_test_data path="data/fonts/alice/Alice-Regular.ttf" post_name="Alice-Regular" sha1="79a8b281e67e5d5c433dd19f0d4291ddd91e323c">
  <cmap_table num_cmaps="3">
    <cmap byte_length="160" encoding_id="1" format="4" language="0" num_chars="214" platform_id="3">
      <map char="0x00020" gid="3" glyph_name="space"/>
      <map char="0x00035" gid="24" glyph_name="five"/>
      <map char="0x0004a" gid="45" glyph_name="J"/>
      <map char="0x0005f" gid="66" glyph_name="underscore"/>
      <map char="0x00074" gid="87" glyph_name="t"/>
      <map char="0x000aa" gid="108" glyph_name="ordfeminine"/>
      <map char="0x000bf" gid="129" glyph_name="questiondown"/>
      <map char="0x000d4" gid="150" glyph_name="Ocircumflex"/>
      <map char="0x000e9" gid="171" glyph_name="eacute"/>
      <map char="0x000fe" gid="192" glyph_name="thorn"/>
      <map char="0x02074" gid="213" glyph_name="uni2074"/>
    </cmap>
    <cmap byte_length="458" encoding_id="0" format="6" language="0" num_chars="224" platform_id="1">
      <map char="0x00020" gid="3" glyph_name="space"/>
      <map char="0x00036" gid="25" glyph_name="six"/>
      <map char="0x0004c" gid="47" glyph_name="L"/>
      <map char="0x00062" gid="69" glyph_name="b"/>
      <map char="0x00078" gid="91" glyph_name="x"/>
      <map char="0x0008e" gid="171" glyph_name="eacute"/>
      <map char="0x000a4" gid="105" glyph_name="section"/>
      <map char="0x000ba" gid="0" glyph_name=".notdef"/>
      <map char="0x000d0" gid="201" glyph_name="endash"/>
      <map char="0x000e6" gid="140" glyph_name="Ecircumflex"/>
      <map char="0x000fc" gid="122" glyph_name="cedilla"/>
    </cmap>
  </cmap_table>
</font_test_data>
