<?xml version="1.0" ?>
<font_test_data path="data/fonts/arimo/Arimo-BoldItalic.ttf" post_name="Arimo-BoldItalic" sha1="4504ba3e934b301dcb92be8c8eb3bd3bb192af28">
  <cmap_table num_cmaps="3">
    <cmap byte_length="352" encoding_id="1" format="4" language="0" num_chars="211" platform_id="3">
      <map char="0x00020" gid="3" glyph_name="space"/>
      <map char="0x00035" gid="24" glyph_name="five"/>
      <map char="0x0004b" gid="45" glyph_name="K"/>
      <map char="0x00060" gid="66" glyph_name="grave"/>
      <map char="0x00075" gid="87" glyph_name="u"/>
      <map char="0x000ab" gid="107" glyph_name="guillemotleft"/>
      <map char="0x000c0" gid="127" glyph_name="Agrave"/>
      <map char="0x000d5" gid="148" glyph_name="Otilde"/>
      <map char="0x000ea" gid="169" glyph_name="ecircumflex"/>
      <map char="0x000ff" gid="190" glyph_name="ydieresis"/>
      <map char="0x02215" gid="208" glyph_name="fraction"/>
    </cmap>
    <cmap byte_length="262" encoding_id="0" format="0" language="0" num_chars="256" platform_id="1">
      <map char="0x00000" gid="1" glyph_name=".null"/>
      <map char="0x00019" gid="0" glyph_name=".notdef"/>
      <map char="0x00032" gid="21" glyph_name="two"/>
      <map char="0x0004b" gid="45" glyph_name="K"/>
      <map char="0x00064" gid="70" glyph_name="d"/>
      <map char="0x0007d" gid="95" glyph_name="braceright"/>
      <map char="0x00096" gid="176" glyph_name="ntilde"/>
      <map char="0x000af" gid="151" glyph_name="Oslash"/>
      <map char="0x000c8" gid="122" glyph_name="guillemotright"/>
      <map char="0x000e1" gid="118" glyph_name="middot"/>
      <map char="0x000fa" gid="0" glyph_name=".notdef"/>
    </cmap>
  </cmap_table>
</font_test_data>
