<?xml version="1.0" ?>
<font_test_data path="data/fonts/bowlbyone/BowlbyOneSC.ttf" post_name="BowlbyOneSC-Regular" sha1="9c9d86d5780f0b3d261b8c62eb358dbe82c493cf">
  <cmap_table num_cmaps="3">
    <cmap byte_length="384" encoding_id="1" format="4" language="0" num_chars="306" platform_id="3">
      <map char="0x00020" gid="3" glyph_name="space"/>
      <map char="0x0003e" gid="33" glyph_name="greater"/>
      <map char="0x0005c" gid="63" glyph_name="backslash"/>
      <map char="0x0007a" gid="93" glyph_name="z"/>
      <map char="0x000b9" gid="123" glyph_name="uni00B9"/>
      <map char="0x000d7" gid="153" glyph_name="multiply"/>
      <map char="0x000f5" gid="183" glyph_name="otilde"/>
      <map char="0x00208" gid="213" glyph_name="uni0208"/>
      <map char="0x00326" gid="243" glyph_name="uni0326"/>
      <map char="0x02030" gid="273" glyph_name="perthousand"/>
      <map char="0x02791" gid="303" glyph_name="uni2791"/>
    </cmap>
    <cmap byte_length="522" encoding_id="0" format="6" language="0" num_chars="256" platform_id="1">
      <map char="0x00000" gid="1" glyph_name=".null"/>
      <map char="0x00019" gid="0" glyph_name=".notdef"/>
      <map char="0x00032" gid="21" glyph_name="two"/>
      <map char="0x0004b" gid="46" glyph_name="K"/>
      <map char="0x00064" gid="71" glyph_name="d"/>
      <map char="0x0007d" gid="96" glyph_name="braceright"/>
      <map char="0x00096" gid="179" glyph_name="ntilde"/>
      <map char="0x000af" gid="154" glyph_name="Oslash"/>
      <map char="0x000c8" gid="125" glyph_name="guillemotright"/>
      <map char="0x000e1" gid="121" glyph_name="periodcentered"/>
      <map char="0x000fa" gid="236" glyph_name="dotaccent"/>
    </cmap>
  </cmap_table>
</font_test_data>
