<?xml version="1.0" ?>
<font_test_data path="data/fonts/bowlbyone/BowlbyOne.ttf" post_name="BowlbyOne" sha1="bf7e08f99f8fa3e1ded52b29f0fc73f83e4c2bd4">
  <cmap_table num_cmaps="3">
    <cmap byte_length="368" encoding_id="1" format="4" language="0" num_chars="288" platform_id="3">
      <map char="0x00020" gid="3" glyph_name="space"/>
      <map char="0x0003c" gid="31" glyph_name="less"/>
      <map char="0x00058" gid="59" glyph_name="X"/>
      <map char="0x00074" gid="87" glyph_name="t"/>
      <map char="0x000b2" gid="115" glyph_name="twosuperior"/>
      <map char="0x000ce" gid="143" glyph_name="Icircumflex"/>
      <map char="0x000ea" gid="171" glyph_name="ecircumflex"/>
      <map char="0x00161" gid="199" glyph_name="scaron"/>
      <map char="0x00217" gid="227" glyph_name="uni0217"/>
      <map char="0x02022" gid="255" glyph_name="bullet"/>
      <map char="0x0278e" gid="283" glyph_name="uni278E"/>
    </cmap>
    <cmap byte_length="522" encoding_id="0" format="6" language="0" num_chars="256" platform_id="1">
      <map char="0x00000" gid="1" glyph_name=".null"/>
      <map char="0x00019" gid="0" glyph_name=".notdef"/>
      <map char="0x00032" gid="21" glyph_name="two"/>
      <map char="0x0004b" gid="46" glyph_name="K"/>
      <map char="0x00064" gid="71" glyph_name="d"/>
      <map char="0x0007d" gid="96" glyph_name="braceright"/>
      <map char="0x00096" gid="178" glyph_name="ntilde"/>
      <map char="0x000af" gid="153" glyph_name="Oslash"/>
      <map char="0x000c8" gid="124" glyph_name="guillemotright"/>
      <map char="0x000e1" gid="120" glyph_name="middot"/>
      <map char="0x000fa" gid="235" glyph_name="dotaccent"/>
    </cmap>
  </cmap_table>
</font_test_data>
