<?xml version="1.0" ?>
<font_test_data path="data/fonts/coveredbyyourgrace/CoveredByYourGrace.ttf" post_name="CoveredByYourGrace" sha1="756eeda11d3a89aebd0702a226dd7158cd194605">
  <cmap_table num_cmaps="3">
    <cmap byte_length="478" encoding_id="1" format="4" language="0" num_chars="348" platform_id="3">
      <map char="0x00020" gid="3" glyph_name="space"/>
      <map char="0x00042" gid="37" glyph_name="B"/>
      <map char="0x00064" gid="71" glyph_name="d"/>
      <map char="0x000a7" gid="104" glyph_name="section"/>
      <map char="0x000c9" gid="138" glyph_name="Eacute"/>
      <map char="0x000eb" gid="172" glyph_name="edieresis"/>
      <map char="0x0010d" gid="206" glyph_name="ccaron"/>
      <map char="0x00137" gid="240" glyph_name="kcommaaccent"/>
      <map char="0x0015e" gid="274" glyph_name="Scedilla"/>
      <map char="0x001fd" gid="308" glyph_name="aeacute"/>
      <map char="0x0203a" gid="342" glyph_name="guilsinglright"/>
    </cmap>
    <cmap byte_length="522" encoding_id="0" format="6" language="0" num_chars="256" platform_id="1">
      <map char="0x00000" gid="1" glyph_name=".null"/>
      <map char="0x00019" gid="0" glyph_name=".notdef"/>
      <map char="0x00032" gid="21" glyph_name="two"/>
      <map char="0x0004b" gid="46" glyph_name="K"/>
      <map char="0x00064" gid="71" glyph_name="d"/>
      <map char="0x0007d" gid="96" glyph_name="braceright"/>
      <map char="0x00096" gid="178" glyph_name="ntilde"/>
      <map char="0x000af" gid="153" glyph_name="Oslash"/>
      <map char="0x000c8" gid="124" glyph_name="guillemotright"/>
      <map char="0x000e1" gid="120" glyph_name="periodcentered"/>
      <map char="0x000fa" gid="316" glyph_name="dotaccent"/>
    </cmap>
  </cmap_table>
</font_test_data>
