<?xml version="1.0" ?>
<font_test_data path="data/fonts/abel/Abel-Regular.ttf" post_name="Abel-Regular" sha1="72c08533272e97bb00fe200856c5cbd54ea7402a">
  <cmap_table num_cmaps="3">
    <cmap byte_length="248" encoding_id="1" format="4" language="0" num_chars="248" platform_id="3">
      <map char="0x00020" gid="3" glyph_name="space"/>
      <map char="0x00038" gid="27" glyph_name="eight"/>
      <map char="0x00050" gid="51" glyph_name="P"/>
      <map char="0x00068" gid="75" glyph_name="h"/>
      <map char="0x000a1" gid="99" glyph_name="exclamdown"/>
      <map char="0x000ba" gid="123" glyph_name="ordmasculine"/>
      <map char="0x000d2" gid="147" glyph_name="Ograve"/>
      <map char="0x000ea" gid="171" glyph_name="ecircumflex"/>
      <map char="0x00129" gid="195" glyph_name="itilde"/>
      <map char="0x0017d" gid="219" glyph_name="Zcaron"/>
      <map char="0x02039" gid="243" glyph_name="guilsinglleft"/>
    </cmap>
    <cmap byte_length="262" encoding_id="0" format="0" language="0" num_chars="256" platform_id="1">
      <map char="0x00000" gid="1" glyph_name=".null"/>
      <map char="0x00019" gid="0" glyph_name=".notdef"/>
      <map char="0x00032" gid="21" glyph_name="two"/>
      <map char="0x0004b" gid="46" glyph_name="K"/>
      <map char="0x00064" gid="71" glyph_name="d"/>
      <map char="0x0007d" gid="96" glyph_name="braceright"/>
      <map char="0x00096" gid="178" glyph_name="ntilde"/>
      <map char="0x000af" gid="153" glyph_name="Oslash"/>
      <map char="0x000c8" gid="124" glyph_name="guillemotright"/>
      <map char="0x000e1" gid="120" glyph_name="periodcentered"/>
      <map char="0x000fa" gid="225" glyph_name="dotaccent"/>
    </cmap>
  </cmap_table>
</font_test_data>
