<?xml version="1.0" ?>
<font_test_data path="data/fonts/coustard/Coustard-Regular.ttf" post_name="Coustard" sha1="04e62a1be89a6fbe1a0974f629d4901ba2378f3c">
  <cmap_table num_cmaps="3">
    <cmap byte_length="884" encoding_id="1" format="4" language="0" num_chars="322" platform_id="3">
      <map char="0x00020" gid="3" glyph_name="space"/>
      <map char="0x00040" gid="35" glyph_name="at"/>
      <map char="0x00060" gid="120" glyph_name="grave"/>
      <map char="0x000a1" gid="98" glyph_name="exclamdown"/>
      <map char="0x000c1" gid="166" glyph_name="Aacute"/>
      <map char="0x000e1" gid="195" glyph_name="aacute"/>
      <map char="0x00101" gid="242" glyph_name="amacron"/>
      <map char="0x0012b" gid="246" glyph_name="imacron"/>
      <map char="0x00150" gid="285" glyph_name="Ohungarumlaut"/>
      <map char="0x0017d" gid="194" glyph_name="Zcaron"/>
      <map char="0x0fb01" gid="109" glyph_name="uniFB01"/>
    </cmap>
    <cmap byte_length="522" encoding_id="0" format="6" language="0" num_chars="256" platform_id="1">
      <map char="0x00000" gid="1" glyph_name="glyph00001"/>
      <map char="0x00019" gid="0" glyph_name=".notdef"/>
      <map char="0x00032" gid="21" glyph_name="two"/>
      <map char="0x0004b" gid="46" glyph_name="K"/>
      <map char="0x00064" gid="71" glyph_name="d"/>
      <map char="0x0007d" gid="96" glyph_name="braceright"/>
      <map char="0x00096" gid="210" glyph_name="ntilde"/>
      <map char="0x000af" gid="137" glyph_name="Oslash"/>
      <map char="0x000c8" gid="118" glyph_name="guillemotright"/>
      <map char="0x000e1" gid="112" glyph_name="periodcentered"/>
      <map char="0x000fa" gid="126" glyph_name="dotaccent"/>
    </cmap>
  </cmap_table>
</font_test_data>
