<?xml version="1.0" ?>
<font_test_data path="data/fonts/contrail/Contrail-Regular.ttf" post_name="Contrail" sha1="4341f4c62d1268e2338a96b5596a9b49e746afbb">
  <cmap_table num_cmaps="3">
    <cmap byte_length="368" encoding_id="1" format="4" language="0" num_chars="230" platform_id="3">
      <map char="0x00020" gid="3" glyph_name="space"/>
      <map char="0x00037" gid="26" glyph_name="seven"/>
      <map char="0x0004e" gid="49" glyph_name="N"/>
      <map char="0x00065" gid="72" glyph_name="e"/>
      <map char="0x0007c" gid="95" glyph_name="bar"/>
      <map char="0x000b4" gid="117" glyph_name="acute"/>
      <map char="0x000cb" gid="140" glyph_name="Edieresis"/>
      <map char="0x000e2" gid="163" glyph_name="acircumflex"/>
      <map char="0x000f9" gid="186" glyph_name="ugrave"/>
      <map char="0x00153" gid="209" glyph_name="oe"/>
    </cmap>
    <cmap byte_length="262" encoding_id="0" format="0" language="0" num_chars="256" platform_id="1">
      <map char="0x00000" gid="1" glyph_name=".null"/>
      <map char="0x00019" gid="0" glyph_name=".notdef"/>
      <map char="0x00032" gid="21" glyph_name="two"/>
      <map char="0x0004b" gid="46" glyph_name="K"/>
      <map char="0x00064" gid="71" glyph_name="d"/>
      <map char="0x0007d" gid="96" glyph_name="braceright"/>
      <map char="0x00096" gid="178" glyph_name="ntilde"/>
      <map char="0x000af" gid="153" glyph_name="Oslash"/>
      <map char="0x000c8" gid="124" glyph_name="guillemotright"/>
      <map char="0x000e1" gid="120" glyph_name="periodcentered"/>
      <map char="0x000fa" gid="0" glyph_name=".notdef"/>
    </cmap>
  </cmap_table>
</font_test_data>
