<?xml version="1.0" ?>
<font_test_data path="data/fonts/didactgothic/DidactGothic.ttf" post_name="DidactGothic" sha1="db452d7fc093fa90480818b4bc1d3a5156208bba">
  <cmap_table num_cmaps="3">
    <cmap byte_length="1048" encoding_id="1" format="4" language="0" num_chars="1147" platform_id="3">
      <map char="0x00020" gid="3" glyph_name="space"/>
      <map char="0x000b3" gid="117" glyph_name="uni00B3"/>
      <map char="0x00125" gid="231" glyph_name="hcircumflex"/>
      <map char="0x001ae" gid="345" glyph_name="uni01AE"/>
      <map char="0x00304" gid="459" glyph_name="uni0304"/>
      <map char="0x00409" gid="573" glyph_name="afii10058"/>
      <map char="0x004a5" gid="687" glyph_name="uni04A5"/>
      <map char="0x01e15" gid="801" glyph_name="uni1E15"/>
      <map char="0x01f18" gid="915" glyph_name="uni1F18"/>
      <map char="0x01f92" gid="1029" glyph_name="uni1F92"/>
      <map char="0x020ac" gid="1143" glyph_name="Euro"/>
    </cmap>
    <cmap byte_length="522" encoding_id="0" format="6" language="0" num_chars="256" platform_id="1">
      <map char="0x00000" gid="1" glyph_name=".null"/>
      <map char="0x00019" gid="0" glyph_name=".notdef"/>
      <map char="0x00032" gid="21" glyph_name="two"/>
      <map char="0x0004b" gid="46" glyph_name="K"/>
      <map char="0x00064" gid="71" glyph_name="d"/>
      <map char="0x0007d" gid="96" glyph_name="braceright"/>
      <map char="0x00096" gid="179" glyph_name="ntilde"/>
      <map char="0x000af" gid="154" glyph_name="Oslash"/>
      <map char="0x000c8" gid="125" glyph_name="guillemotright"/>
      <map char="0x000e1" gid="121" glyph_name="periodcentered"/>
      <map char="0x000fa" gid="451" glyph_name="dotaccent"/>
    </cmap>
  </cmap_table>
</font_test_data>
