<?xml version="1.0" ?>
<font_test_data path="data/fonts/dancingscript/DancingScript-Bold.ttf" post_name="DancingScript-Bold" sha1="489aa561aca5ef5a8e9884b183cad31a2e52bd9f">
  <cmap_table num_cmaps="3">
    <cmap byte_length="216" encoding_id="1" format="4" language="0" num_chars="223" platform_id="3">
      <map char="0x00020" gid="3" glyph_name="space"/>
      <map char="0x00036" gid="25" glyph_name="six"/>
      <map char="0x0004c" gid="47" glyph_name="L"/>
      <map char="0x00062" gid="69" glyph_name="b"/>
      <map char="0x00078" gid="91" glyph_name="x"/>
      <map char="0x000b1" gid="113" glyph_name="plusminus"/>
      <map char="0x000c7" gid="135" glyph_name="Ccedilla"/>
      <map char="0x000dd" gid="157" glyph_name="Yacute"/>
      <map char="0x000f3" gid="179" glyph_name="oacute"/>
      <map char="0x002c6" gid="201" glyph_name="circumflex"/>
      <map char="0x0e000" gid="223" glyph_name="uniE000"/>
    </cmap>
    <cmap byte_length="458" encoding_id="0" format="6" language="0" num_chars="224" platform_id="1">
      <map char="0x00020" gid="3" glyph_name="space"/>
      <map char="0x00036" gid="25" glyph_name="six"/>
      <map char="0x0004c" gid="47" glyph_name="L"/>
      <map char="0x00062" gid="69" glyph_name="b"/>
      <map char="0x00078" gid="91" glyph_name="x"/>
      <map char="0x0008e" gid="169" glyph_name="eacute"/>
      <map char="0x000a4" gid="104" glyph_name="section"/>
      <map char="0x000ba" gid="0" glyph_name=".notdef"/>
      <map char="0x000d0" gid="205" glyph_name="endash"/>
      <map char="0x000e6" gid="138" glyph_name="Ecircumflex"/>
      <map char="0x000fc" gid="120" glyph_name="cedilla"/>
    </cmap>
  </cmap_table>
</font_test_data>
