<?xml version="1.0" ?>
<font_test_data path="data/fonts/content/Content-Bold.ttf" post_name="Content-Bold" sha1="fafaca28f4acc50aaa9aede9acceaf1f3d8275d3">
  <cmap_table num_cmaps="3">
    <cmap byte_length="96" encoding_id="1" format="4" language="0" num_chars="138" platform_id="3">
      <map char="0x00020" gid="3" glyph_name="space"/>
      <map char="0x0002d" gid="16" glyph_name="hyphen"/>
      <map char="0x0003a" gid="29" glyph_name="colon"/>
      <map char="0x01783" gid="39" glyph_name="uni1783"/>
      <map char="0x01790" gid="52" glyph_name="uni1790"/>
      <map char="0x0179d" gid="65" glyph_name="uni179D"/>
      <map char="0x017aa" gid="78" glyph_name="uni17AA"/>
      <map char="0x017b9" gid="91" glyph_name="uni17B9"/>
      <map char="0x017c6" gid="104" glyph_name="uni17C6"/>
      <map char="0x017d3" gid="117" glyph_name="uni17D3"/>
      <map char="0x017e4" gid="130" glyph_name="uni17E4"/>
    </cmap>
    <cmap byte_length="262" encoding_id="0" format="0" language="0" num_chars="256" platform_id="1">
      <map char="0x00000" gid="1" glyph_name=".null"/>
      <map char="0x00019" gid="0" glyph_name=".notdef"/>
      <map char="0x00032" gid="21" glyph_name="two"/>
      <map char="0x0004b" gid="0" glyph_name=".notdef"/>
      <map char="0x00064" gid="0" glyph_name=".notdef"/>
      <map char="0x0007d" gid="0" glyph_name=".notdef"/>
      <map char="0x00096" gid="0" glyph_name=".notdef"/>
      <map char="0x000af" gid="0" glyph_name=".notdef"/>
      <map char="0x000c8" gid="0" glyph_name=".notdef"/>
      <map char="0x000e1" gid="0" glyph_name=".notdef"/>
      <map char="0x000fa" gid="0" glyph_name=".notdef"/>
    </cmap>
  </cmap_table>
</font_test_data>
