<?xml version="1.0" ?>
<font_test_data path="data/fonts/carme/Carme-Regular.ttf" post_name="Carme" sha1="11fe8b751d6fb0fd10cd148a08a8afa4ca37d352">
  <cmap_table num_cmaps="3">
    <cmap byte_length="256" encoding_id="1" format="4" language="0" num_chars="214" platform_id="3">
      <map char="0x00020" gid="3" glyph_name="space"/>
      <map char="0x00035" gid="24" glyph_name="five"/>
      <map char="0x0004a" gid="45" glyph_name="J"/>
      <map char="0x00060" gid="66" glyph_name="grave"/>
      <map char="0x00075" gid="87" glyph_name="u"/>
      <map char="0x000b3" gid="108" glyph_name="uni00B3"/>
      <map char="0x000cc" gid="129" glyph_name="Igrave"/>
      <map char="0x000e3" gid="150" glyph_name="atilde"/>
      <map char="0x000f9" gid="171" glyph_name="ugrave"/>
      <map char="0x02009" gid="192" glyph_name="uni2009"/>
      <map char="0x0fb01" gid="213" glyph_name="uniFB01"/>
    </cmap>
    <cmap byte_length="262" encoding_id="0" format="0" language="0" num_chars="256" platform_id="1">
      <map char="0x00000" gid="1" glyph_name=".null"/>
      <map char="0x00019" gid="0" glyph_name=".notdef"/>
      <map char="0x00032" gid="21" glyph_name="two"/>
      <map char="0x0004b" gid="46" glyph_name="K"/>
      <map char="0x00064" gid="70" glyph_name="d"/>
      <map char="0x0007d" gid="95" glyph_name="braceright"/>
      <map char="0x00096" gid="164" glyph_name="ntilde"/>
      <map char="0x000af" gid="140" glyph_name="Oslash"/>
      <map char="0x000c8" gid="0" glyph_name=".notdef"/>
      <map char="0x000e1" gid="0" glyph_name=".notdef"/>
      <map char="0x000fa" gid="0" glyph_name=".notdef"/>
    </cmap>
  </cmap_table>
</font_test_data>
