<?xml version="1.0" ?>
<font_test_data path="data/fonts/craftygirls/CraftyGirls.ttf" post_name="CraftyGirls" sha1="351c2013deca42fca26410b13402f661df3c4728">
  <cmap_table num_cmaps="3">
    <cmap byte_length="428" encoding_id="1" format="4" language="0" num_chars="229" platform_id="3">
      <map char="0x00020" gid="21" glyph_name="space"/>
      <map char="0x00036" gid="43" glyph_name="six"/>
      <map char="0x0004c" gid="65" glyph_name="L"/>
      <map char="0x00062" gid="87" glyph_name="b"/>
      <map char="0x00078" gid="109" glyph_name="x"/>
      <map char="0x000af" gid="219" glyph_name="macron"/>
      <map char="0x000c5" gid="117" glyph_name="Aring"/>
      <map char="0x000db" gid="214" glyph_name="Ucircumflex"/>
      <map char="0x000f1" gid="138" glyph_name="ntilde"/>
      <map char="0x00178" gid="189" glyph_name="Ydieresis"/>
      <map char="0x02039" gid="192" glyph_name="guilsinglleft"/>
    </cmap>
    <cmap byte_length="262" encoding_id="0" format="0" language="0" num_chars="256" platform_id="1">
      <map char="0x00000" gid="0" glyph_name=".notdef"/>
      <map char="0x00019" gid="0" glyph_name=".notdef"/>
      <map char="0x00032" gid="39" glyph_name="two"/>
      <map char="0x0004b" gid="64" glyph_name="K"/>
      <map char="0x00064" gid="89" glyph_name="d"/>
      <map char="0x0007d" gid="114" glyph_name="braceright"/>
      <map char="0x00096" gid="138" glyph_name="ntilde"/>
      <map char="0x000af" gid="160" glyph_name="Oslash"/>
      <map char="0x000c8" gid="173" glyph_name="guillemotright"/>
      <map char="0x000e1" gid="196" glyph_name="periodcentered"/>
      <map char="0x000fa" gid="221" glyph_name="dotaccent"/>
    </cmap>
  </cmap_table>
</font_test_data>
