<?xml version="1.0" ?>
<font_test_data path="data/fonts/cuprum/Cuprum.ttf" post_name="Cuprum" sha1="403c1f19d70f039893021772fcc6e900427f9a8f">
  <cmap_table num_cmaps="3">
    <cmap byte_length="352" encoding_id="1" format="4" language="0" num_chars="370" platform_id="3">
      <map char="0x00020" gid="3" glyph_name="space"/>
      <map char="0x00045" gid="40" glyph_name="E"/>
      <map char="0x0006a" gid="77" glyph_name="j"/>
      <map char="0x000b0" gid="114" glyph_name="degree"/>
      <map char="0x000d5" gid="151" glyph_name="Otilde"/>
      <map char="0x000fa" gid="188" glyph_name="uacute"/>
      <map char="0x00144" gid="225" glyph_name="nacute"/>
      <map char="0x00404" gid="262" glyph_name="afii10053"/>
      <map char="0x0042a" gid="299" glyph_name="afii10044"/>
      <map char="0x0044f" gid="336" glyph_name="afii10097"/>
    </cmap>
    <cmap byte_length="458" encoding_id="0" format="6" language="1033" num_chars="224" platform_id="1">
      <map char="0x00020" gid="3" glyph_name="space"/>
      <map char="0x00036" gid="25" glyph_name="six"/>
      <map char="0x0004c" gid="47" glyph_name="L"/>
      <map char="0x00062" gid="69" glyph_name="b"/>
      <map char="0x00078" gid="91" glyph_name="x"/>
      <map char="0x0008e" gid="171" glyph_name="eacute"/>
      <map char="0x000a4" gid="105" glyph_name="section"/>
      <map char="0x000ba" gid="0" glyph_name=".notdef"/>
      <map char="0x000d0" gid="353" glyph_name="endash"/>
      <map char="0x000e6" gid="140" glyph_name="Ecircumflex"/>
      <map char="0x000fc" gid="122" glyph_name="cedilla"/>
    </cmap>
  </cmap_table>
</font_test_data>
