<?xml version="1.0" ?>
<font_test_data path="data/fonts/expletussans/ExpletusSans-SemiBoldItalic.ttf" post_name="ExpletusSans-SemiBoldItalic" sha1="f5300dd196c45e63c7d528e04d01af53e9e3e0a1">
  <cmap_table num_cmaps="3">
    <cmap byte_length="578" encoding_id="1" format="4" language="0" num_chars="218" platform_id="3">
      <map char="0x00020" gid="7" glyph_name="space"/>
      <map char="0x00035" gid="139" glyph_name="five"/>
      <map char="0x0004a" gid="41" glyph_name="J"/>
      <map char="0x0005f" gid="29" glyph_name="underscore"/>
      <map char="0x00074" gid="65" glyph_name="t"/>
      <map char="0x000ab" gid="181" glyph_name="guillemotleft"/>
      <map char="0x000c0" gid="109" glyph_name="Agrave"/>
      <map char="0x000d5" gid="111" glyph_name="Otilde"/>
      <map char="0x000ea" gid="86" glyph_name="ecircumflex"/>
      <map char="0x000ff" gid="165" glyph_name="ydieresis"/>
      <map char="0x02021" gid="166" glyph_name="daggerdbl"/>
    </cmap>
    <cmap byte_length="262" encoding_id="0" format="0" language="0" num_chars="256" platform_id="1">
      <map char="0x00000" gid="0" glyph_name=".notdef"/>
      <map char="0x00019" gid="0" glyph_name=".notdef"/>
      <map char="0x00032" gid="136" glyph_name="two"/>
      <map char="0x0004b" gid="42" glyph_name="K"/>
      <map char="0x00064" gid="62" glyph_name="d"/>
      <map char="0x0007d" gid="58" glyph_name="braceright"/>
      <map char="0x00096" gid="92" glyph_name="ntilde"/>
      <map char="0x000af" gid="163" glyph_name="Oslash"/>
      <map char="0x000c8" gid="180" glyph_name="guillemotright"/>
      <map char="0x000e1" gid="156" glyph_name="periodcentered"/>
      <map char="0x000fa" gid="0" glyph_name=".notdef"/>
    </cmap>
  </cmap_table>
</font_test_data>
