<?xml version="1.0" ?>
<font_test_data path="data/fonts/expletussans/ExpletusSans-Italic.ttf" post_name="ExpletusSans-Italic" sha1="c42bc43b7aaabbf508988f5434be9326d2275ba8">
  <cmap_table num_cmaps="3">
    <cmap byte_length="570" encoding_id="1" format="4" language="0" num_chars="217" platform_id="3">
      <map char="0x00020" gid="7" glyph_name="space"/>
      <map char="0x00035" gid="140" glyph_name="five"/>
      <map char="0x0004a" gid="41" glyph_name="J"/>
      <map char="0x0005f" gid="29" glyph_name="underscore"/>
      <map char="0x00074" gid="66" glyph_name="t"/>
      <map char="0x000ab" gid="182" glyph_name="guillemotleft"/>
      <map char="0x000c0" gid="110" glyph_name="Agrave"/>
      <map char="0x000d5" gid="112" glyph_name="Otilde"/>
      <map char="0x000ea" gid="87" glyph_name="ecircumflex"/>
      <map char="0x000ff" gid="166" glyph_name="ydieresis"/>
      <map char="0x02022" gid="168" glyph_name="bullet"/>
    </cmap>
    <cmap byte_length="262" encoding_id="0" format="0" language="0" num_chars="256" platform_id="1">
      <map char="0x00000" gid="0" glyph_name=".notdef"/>
      <map char="0x00019" gid="0" glyph_name=".notdef"/>
      <map char="0x00032" gid="137" glyph_name="two"/>
      <map char="0x0004b" gid="42" glyph_name="K"/>
      <map char="0x00064" gid="62" glyph_name="d"/>
      <map char="0x0007d" gid="58" glyph_name="braceright"/>
      <map char="0x00096" gid="93" glyph_name="ntilde"/>
      <map char="0x000af" gid="164" glyph_name="Oslash"/>
      <map char="0x000c8" gid="181" glyph_name="guillemotright"/>
      <map char="0x000e1" gid="157" glyph_name="periodcentered"/>
      <map char="0x000fa" gid="0" glyph_name=".notdef"/>
    </cmap>
  </cmap_table>
</font_test_data>
