<?xml version="1.0" ?>
<font_test_data path="data/fonts/expletussans/ExpletusSans-BoldItalic.ttf" post_name="ExpletusSans-BoldItalic" sha1="967715b903f9aef03b3549f8f36ae462c52e7939">
  <cmap_table num_cmaps="3">
    <cmap byte_length="382" encoding_id="1" format="4" language="0" num_chars="218" platform_id="3">
      <map char="0x00020" gid="9" glyph_name="space"/>
      <map char="0x00035" gid="60" glyph_name="five"/>
      <map char="0x0004a" gid="33" glyph_name="J"/>
      <map char="0x0005f" gid="86" glyph_name="underscore"/>
      <map char="0x00074" gid="11" glyph_name="t"/>
      <map char="0x000ab" gid="127" glyph_name="guillemotleft"/>
      <map char="0x000c0" gid="148" glyph_name="Agrave"/>
      <map char="0x000d5" gid="169" glyph_name="Otilde"/>
      <map char="0x000ea" gid="190" glyph_name="ecircumflex"/>
      <map char="0x000ff" gid="211" glyph_name="ydieresis"/>
      <map char="0x02021" gid="98" glyph_name="daggerdbl"/>
    </cmap>
    <cmap byte_length="262" encoding_id="0" format="0" language="0" num_chars="256" platform_id="1">
      <map char="0x00000" gid="0" glyph_name=".notdef"/>
      <map char="0x00019" gid="0" glyph_name=".notdef"/>
      <map char="0x00032" gid="57" glyph_name="two"/>
      <map char="0x0004b" gid="34" glyph_name="K"/>
      <map char="0x00064" gid="3" glyph_name="d"/>
      <map char="0x0007d" gid="90" glyph_name="braceright"/>
      <map char="0x00096" gid="197" glyph_name="ntilde"/>
      <map char="0x000af" gid="172" glyph_name="Oslash"/>
      <map char="0x000c8" gid="143" glyph_name="guillemotright"/>
      <map char="0x000e1" gid="139" glyph_name="periodcentered"/>
      <map char="0x000fa" gid="0" glyph_name=".notdef"/>
    </cmap>
  </cmap_table>
</font_test_data>
