<?xml version="1.0" ?>
<font_test_data path="data/fonts/bangers/Bangers.ttf" post_name="Bangers-Regular" sha1="ba50bb2a79d7f9e836d7eee2418e92ef97198521">
  <cmap_table num_cmaps="3">
    <cmap byte_length="296" encoding_id="1" format="4" language="0" num_chars="241" platform_id="3">
      <map char="0x00009" gid="3" glyph_name="uni0009"/>
      <map char="0x0002e" gid="27" glyph_name="period"/>
      <map char="0x00046" gid="51" glyph_name="F"/>
      <map char="0x0005e" gid="75" glyph_name="asciicircum"/>
      <map char="0x00076" gid="99" glyph_name="v"/>
      <map char="0x000ae" gid="123" glyph_name="registered"/>
      <map char="0x000c8" gid="147" glyph_name="Egrave"/>
      <map char="0x000e0" gid="171" glyph_name="agrave"/>
      <map char="0x000f8" gid="195" glyph_name="oslash"/>
      <map char="0x02014" gid="219" glyph_name="emdash"/>
      <map char="0x0f000" gid="243" glyph_name="uniF000"/>
    </cmap>
    <cmap byte_length="262" encoding_id="0" format="0" language="0" num_chars="256" platform_id="1">
      <map char="0x00000" gid="1" glyph_name=".null"/>
      <map char="0x00019" gid="0" glyph_name=".notdef"/>
      <map char="0x00032" gid="31" glyph_name="two"/>
      <map char="0x0004b" gid="56" glyph_name="K"/>
      <map char="0x00064" gid="81" glyph_name="d"/>
      <map char="0x0007d" gid="106" glyph_name="braceright"/>
      <map char="0x00096" gid="188" glyph_name="ntilde"/>
      <map char="0x000af" gid="163" glyph_name="Oslash"/>
      <map char="0x000c8" gid="134" glyph_name="guillemotright"/>
      <map char="0x000e1" gid="130" glyph_name="periodcentered"/>
      <map char="0x000fa" gid="0" glyph_name=".notdef"/>
    </cmap>
  </cmap_table>
</font_test_data>
