<?xml version="1.0" ?>
<font_test_data path="data/fonts/deliusunicase/DeliusUnicase-Regular.ttf" post_name="DeliusUnicase-Regular" sha1="d45430f373d3ebb4d9b93e92f8f4a40249c1c5da">
  <cmap_table num_cmaps="3">
    <cmap byte_length="240" encoding_id="1" format="4" language="0" num_chars="254" platform_id="3">
      <map char="0x00020" gid="3" glyph_name="space"/>
      <map char="0x00039" gid="28" glyph_name="nine"/>
      <map char="0x00052" gid="53" glyph_name="R"/>
      <map char="0x0006b" gid="78" glyph_name="k"/>
      <map char="0x000a5" gid="103" glyph_name="yen"/>
      <map char="0x000be" gid="128" glyph_name="threequarters"/>
      <map char="0x000d7" gid="153" glyph_name="multiply"/>
      <map char="0x000f0" gid="178" glyph_name="eth"/>
      <map char="0x00135" gid="203" glyph_name="jcircumflex"/>
      <map char="0x003bc" gid="119" glyph_name="mu"/>
      <map char="0x02260" gid="252" glyph_name="notequal"/>
    </cmap>
    <cmap byte_length="262" encoding_id="0" format="0" language="0" num_chars="256" platform_id="1">
      <map char="0x00000" gid="1" glyph_name=".null"/>
      <map char="0x00019" gid="0" glyph_name=".notdef"/>
      <map char="0x00032" gid="21" glyph_name="two"/>
      <map char="0x0004b" gid="46" glyph_name="K"/>
      <map char="0x00064" gid="71" glyph_name="d"/>
      <map char="0x0007d" gid="96" glyph_name="braceright"/>
      <map char="0x00096" gid="179" glyph_name="ntilde"/>
      <map char="0x000af" gid="154" glyph_name="Oslash"/>
      <map char="0x000c8" gid="125" glyph_name="guillemotright"/>
      <map char="0x000e1" gid="121" glyph_name="periodcentered"/>
      <map char="0x000fa" gid="223" glyph_name="dotaccent"/>
    </cmap>
  </cmap_table>
</font_test_data>
