<?xml version="1.0" ?>
<font_test_data path="data/fonts/architectsdaughter/ArchitectsDaughter.ttf" post_name="ArchitectsDaughter" sha1="1c9bc29240b04c3a452e6a42723950abf296c2e2">
  <cmap_table num_cmaps="3">
    <cmap byte_length="282" encoding_id="1" format="4" language="0" num_chars="348" platform_id="3">
      <map char="0x00020" gid="3" glyph_name="space"/>
      <map char="0x00042" gid="37" glyph_name="B"/>
      <map char="0x00064" gid="71" glyph_name="d"/>
      <map char="0x000a7" gid="104" glyph_name="section"/>
      <map char="0x000ca" gid="138" glyph_name="Ecircumflex"/>
      <map char="0x000ec" gid="172" glyph_name="igrave"/>
      <map char="0x0010e" gid="206" glyph_name="Dcaron"/>
      <map char="0x00137" gid="240" glyph_name="kcommaaccent"/>
      <map char="0x0015d" gid="274" glyph_name="scircumflex"/>
      <map char="0x001fc" gid="308" glyph_name="AEacute"/>
      <map char="0x02039" gid="342" glyph_name="guilsinglleft"/>
    </cmap>
    <cmap byte_length="522" encoding_id="0" format="6" language="0" num_chars="256" platform_id="1">
      <map char="0x00000" gid="1" glyph_name=".null"/>
      <map char="0x00019" gid="0" glyph_name=".notdef"/>
      <map char="0x00032" gid="21" glyph_name="two"/>
      <map char="0x0004b" gid="46" glyph_name="K"/>
      <map char="0x00064" gid="71" glyph_name="d"/>
      <map char="0x0007d" gid="96" glyph_name="braceright"/>
      <map char="0x00096" gid="177" glyph_name="ntilde"/>
      <map char="0x000af" gid="152" glyph_name="Oslash"/>
      <map char="0x000c8" gid="123" glyph_name="guillemotright"/>
      <map char="0x000e1" gid="119" glyph_name="periodcentered"/>
      <map char="0x000fa" gid="317" glyph_name="dotaccent"/>
    </cmap>
  </cmap_table>
</font_test_data>
